<?xml version="1.0"?>
<AuditFile xmlns:xsi="http://www.w3.org/2001/XMLSchema-instance" xsi:noNamespaceSchemaLocation="SAF-T_UA_V2.0.xsd">
    <Header>
        <AuditFileVersion>2.00</AuditFileVersion>
        <AuditFileCountry>UA</AuditFileCountry>
        <AuditFileRegion>UA80</AuditFileRegion>
        <AuditFileDateCreated>31.12.2023</AuditFileDateCreated>
        <SoftwareCompanyName>ТОВ "М.Е.Док"</SoftwareCompanyName>
        <SoftwareID>M.E.Doc</SoftwareID>
        <SoftwareVersion>11.02.070</SoftwareVersion>
        <Company>
            <RegistrationNumber>12345678</RegistrationNumber>
            <Name>ТОВ "Компанія"</Name>
            <Address>
                <StreetName>вул. Новоконстантинівська</StreetName>
                <Number>9</Number>
                <AdditionalAddressDetail>56</AdditionalAddressDetail>
                <Building>3</Building>
                <City>м.Київ</City>
                <PostalCode>01014</PostalCode>
                <Region>UA80</Region>
                <Country>UA</Country>
                <AddressType>BillingAddress</AddressType>
            </Address>
            <Address>
                <StreetName>вул. Святошинська</StreetName>
                <Number>31</Number>
                <AdditionalAddressDetail>48</AdditionalAddressDetail>
                <Building>35</Building>
                <City>м.Ірпінь</City>
                <PostalCode>03065</PostalCode>
                <Region>UA80</Region>
                <Country>UA</Country>
                <AddressType>ShipFromAddress</AddressType>
            </Address>           
            <Contact>
                <ContactPerson>
                    <Title>головний бухгалтер</Title>
                    <FirstName>Андрій</FirstName>
                    <Initials>А.М.</Initials>
                    <LastName>Коломийко</LastName>
                    <BirthName>Миколайович</BirthName>
                    <OtherTitles>Наказ щодо звільнення з посади № 23 від 23.05.2014</OtherTitles>                    
                </ContactPerson>
                <Telephone>0442547382</Telephone>
				<Fax>1234567890</Fax>
                <Email>kam@domene.offline</Email>
				<Website>https://www.corefiling.com/opensource/schemaValidate/</Website>
            </Contact>
            <Contact>
                <ContactPerson>
                    <Title>менеджер</Title>
                    <FirstName>Іван</FirstName>                    
                    <Initials>І.І.</Initials>
                    <LastName>Іванов</LastName>
                    <BirthName>Іванович</BirthName>
                    <OtherTitles>Наказ щодо призначення на посаду № 15 від 15.05.2020</OtherTitles>                    
                </ContactPerson>
                <Telephone>0442535589</Telephone>
                <Email>ііі@domene.offline</Email>
            </Contact>            
            <TaxRegistration>
                <TaxRegistrationNumber>10203040</TaxRegistrationNumber>
                <TaxType>ПДВ</TaxType>
                <TaxNumber>102030405060</TaxNumber>
            </TaxRegistration>
            <TaxRegistration>
                <TaxRegistrationNumber>12378945</TaxRegistrationNumber>
                <TaxType>Акциз</TaxType>
                <TaxNumber>102030405060</TaxNumber>
            </TaxRegistration>
            <TaxRegistration>
                <TaxRegistrationNumber>32574878</TaxRegistrationNumber>
                <TaxType>ЄП(ВС)</TaxType>
                <TaxNumber>102030405060</TaxNumber>
            </TaxRegistration>
            <BankAccount>
                <IBANNumber>UA213223130000026007233566001</IBANNumber>
            </BankAccount>
            <BankAccount>                
                <BankAccountNumber>26007233566001</BankAccountNumber>                
                <BankAccountName>ТОВ "Ромашка"</BankAccountName>                
                <SortCode>322313</SortCode>
            </BankAccount>            
        </Company>
        <DefaultCurrencyCode>EUR</DefaultCurrencyCode>
        <SelectionCriteria>
			<TaxReportingJurisdiction></TaxReportingJurisdiction>
            <CompanyEntity></CompanyEntity>
            <SelectionStartDate>01.01.2021</SelectionStartDate>
            <SelectionEndDate>31.12.2021</SelectionEndDate>
            <OtherCriteria>Облікова політика за 2021 рік</OtherCriteria>
            <OtherCriteria>Платежі за період</OtherCriteria>
        </SelectionCriteria>
        <HeaderComment>Інформація щодо облікової політики за 2021 рік</HeaderComment>
        <FundInfo>
            <FundType>ПІФ</FundType>
            <IJINumber>1459784</IJINumber>
             <AMCRegistrationNumber>59874123</AMCRegistrationNumber>
        </FundInfo>
        <BranchInfo>
            <BranchNumber>002</BranchNumber>
            <BranchName>Філія №2</BranchName>
        </BranchInfo> 
		<TaxAccountingBasis>касовий метод 1</TaxAccountingBasis>
        <TaxEntity>Підрозділ 1</TaxEntity>
        <TaxEntity>Підрозділ 2</TaxEntity>
        <TaxEntity>Підрозділ 3</TaxEntity>	
        <NumberOfParts>5</NumberOfParts>
        <PartNumber>2</PartNumber>
    </Header>
    <GeneralLedgerEntries>
        <NumberOfEntries>3</NumberOfEntries>
        <TotalDebit>4800.00</TotalDebit>
        <TotalCredit>4800.00</TotalCredit>
        <Journal>
            <JournalID>111111111111</JournalID>
            <Description></Description>
            <Type></Type>
            <Transaction>
                <TransactionID>WT8999422A</TransactionID>
                <Period>1</Period>
                <PeriodYear>2021</PeriodYear>
                <TransactionDate>18.01.2021</TransactionDate>
                <SourceID>Криворучко Степан Володимирович</SourceID>
                <TransactionType>1П</TransactionType>
                <Description>Отримано товари від постачальника</Description>
                <BatchID></BatchID>
                <SystemEntryDate>18.01.2021</SystemEntryDate>
                <GLPostingDate>18.01.2021</GLPostingDate>
                <SystemID></SystemID>
                <Line>
                    <RecordID>1</RecordID>
                    <AccountID>281</AccountID>
					<CustomerID>12345678</CustomerID><!--
                    <SupplierID>string</SupplierID>--><!--
                    <OwnerID>string</OwnerID>-->
                    <Name>Ілля Петров</Name>
                    <CorrespondingAccountID>2811</CorrespondingAccountID>
					<CustomerID1>15974123</CustomerID1><!--
                    <SupplierID>string</SupplierID>--><!--
                    <OwnerID>string</OwnerID>-->
                    <Name1>Денис Кривоножко</Name1>
                    <Analysis>
                        <AnalysisType>115</AnalysisType>
                        <AnalysisID>15</AnalysisID>
                        <AnalysisAmount>
                            <Amount>23000.00</Amount><!--
                            <CurrencyCode>str</CurrencyCode>
                            <CurrencyAmount>0000000000000001.23</CurrencyAmount>
                            <!&#x2D;-Element ExchangeRate is optional&#x2D;->
                            <ExchangeRate>0000000001.23000000</ExchangeRate>-->
                        </AnalysisAmount>
                    </Analysis>
                    <Analysis>
                        <AnalysisType>115</AnalysisType>
                        <AnalysisID>15</AnalysisID>
                        <AnalysisAmount>
                            <Amount>15000.00</Amount><!--
                            <CurrencyCode>str</CurrencyCode>
                            <CurrencyAmount>0000000000000001.23</CurrencyAmount>
                            <!&#x2D;-Element ExchangeRate is optional&#x2D;->
                            <ExchangeRate>0000000001.23000000</ExchangeRate>-->
                        </AnalysisAmount>
                    </Analysis>
                    <Analysis>
                        <AnalysisType>115</AnalysisType>
                        <AnalysisID>15</AnalysisID>
                        <AnalysisAmount>
                            <Amount>5000.00</Amount><!--
                            <CurrencyCode>str</CurrencyCode>
                            <CurrencyAmount>0000000000000001.23</CurrencyAmount>
                            <!&#x2D;-Element ExchangeRate is optional&#x2D;->
                            <ExchangeRate>0000000001.23000000</ExchangeRate>-->
                        </AnalysisAmount>
                    </Analysis>
                    <ValueDate>18.01.2021</ValueDate>
                    <SourceDocumentID>987654321</SourceDocumentID>                
                    <Description></Description>
                    <DebitAmount>
						<Amount>45.00</Amount>
                        <CurrencyCode>EUR</CurrencyCode>
                        <CurrencyAmount>560.00</CurrencyAmount>
                        <ExchangeRate>25</ExchangeRate>
                    </DebitAmount><!--
                    <CreditAmount>
                        <Amount>0000000000000001.23</Amount><!&#x2D;-
                        <CurrencyCode>str</CurrencyCode>
                        <CurrencyAmount>0000000000000001.23</CurrencyAmount>
                        <!&#x2D;-Element ExchangeRate is optional&#x2D;->
                        <ExchangeRate>0000000001.23000000</ExchangeRate>&#x2D;->
                    </CreditAmount>-->
                    <TaxInformation>
                        <TaxType>ПДВ</TaxType>
                        <TaxCode>20</TaxCode>
                        <TaxPercentage>20</TaxPercentage>
                        <TaxBase>4000.00</TaxBase>
                        <TaxBaseDescription></TaxBaseDescription>
                        <TaxAmount>
                            <Amount>7400.00</Amount><!--
                            <CurrencyCode>str</CurrencyCode>
                            <CurrencyAmount>0000000000000001.23</CurrencyAmount>
                            <!&#x2D;-Element ExchangeRate is optional&#x2D;->
                            <ExchangeRate>0000000001.23000000</ExchangeRate>-->
                        </TaxAmount>
                        <TaxExemptionReason></TaxExemptionReason>
                        <TaxDeclarationPeriod></TaxDeclarationPeriod>
                    </TaxInformation>                                        
                </Line>
                <Line>
                    <RecordID>2</RecordID>
                    <AccountID>281</AccountID>
					<CustomerID>15974123</CustomerID><!--
                    <SupplierID>string</SupplierID>--><!--
                    <OwnerID>string</OwnerID>-->
                    <Name>Денис Кривоножко</Name>
                    <CorrespondingAccountID>2811</CorrespondingAccountID>
					<CustomerID1>12345678</CustomerID1><!--
                    <SupplierID>string</SupplierID>--><!--
                    <OwnerID>string</OwnerID>-->
                    <Name1>Ілля Петров</Name1>
                    <Analysis>
                        <AnalysisType>115</AnalysisType>
                        <AnalysisID>15</AnalysisID>
                        <AnalysisAmount>
                            <Amount>25600.00</Amount><!--
                            <CurrencyCode>str</CurrencyCode>
                            <CurrencyAmount>0000000000000001.23</CurrencyAmount>
                            <!&#x2D;-Element ExchangeRate is optional&#x2D;->
                            <ExchangeRate>0000000001.23000000</ExchangeRate>-->
                        </AnalysisAmount>
                    </Analysis>
                    <Analysis>
                        <AnalysisType>115</AnalysisType>
                        <AnalysisID>15</AnalysisID>
                        <AnalysisAmount>
                            <Amount>15000.00</Amount><!--
                            <CurrencyCode>str</CurrencyCode>
                            <CurrencyAmount>0000000000000001.23</CurrencyAmount>
                            <!&#x2D;-Element ExchangeRate is optional&#x2D;->
                            <ExchangeRate>0000000001.23000000</ExchangeRate>-->
                        </AnalysisAmount>
                    </Analysis>
                    <Analysis>
                        <AnalysisType>115</AnalysisType>
                        <AnalysisID>15</AnalysisID>
                        <AnalysisAmount>
							<Amount>56.00</Amount>
							<CurrencyCode>EUR</CurrencyCode>
							<CurrencyAmount>698.00</CurrencyAmount>
							<ExchangeRate>29</ExchangeRate>
                            <!--
                            <CurrencyCode>str</CurrencyCode>
                            <CurrencyAmount>0000000000000001.23</CurrencyAmount>
                            <!&#x2D;-Element ExchangeRate is optional&#x2D;->
                            <ExchangeRate>0000000001.23000000</ExchangeRate>-->
                        </AnalysisAmount>
                    </Analysis>
                    <ValueDate>18.01.2021</ValueDate>
                    <SourceDocumentID>987654321</SourceDocumentID>                   
                    <Description></Description>
                    <DebitAmount>
                        <Amount>2350.00</Amount>
                    </DebitAmount><!--
                    <CreditAmount>
                        <Amount>0000000000000001.23</Amount><!&#x2D;-
                        <CurrencyCode>str</CurrencyCode>
                        <CurrencyAmount>0000000000000001.23</CurrencyAmount>
                        <!&#x2D;-Element ExchangeRate is optional&#x2D;->
                        <ExchangeRate>0000000001.23000000</ExchangeRate>&#x2D;->
                    </CreditAmount>-->
                    <TaxInformation>
                        <TaxType>ПДВ</TaxType>
                        <TaxCode>20</TaxCode>
                        <TaxPercentage>20</TaxPercentage>
                        <TaxBase>4000.00</TaxBase>
                        <TaxBaseDescription></TaxBaseDescription>
                        <TaxAmount>
                            <Amount>65800.00</Amount><!--
                            <CurrencyCode>str</CurrencyCode>
                            <CurrencyAmount>0000000000000001.23</CurrencyAmount>
                            <!&#x2D;-Element ExchangeRate is optional&#x2D;->
                            <ExchangeRate>0000000001.23000000</ExchangeRate>-->
                        </TaxAmount>
                        <TaxExemptionReason></TaxExemptionReason>
                        <TaxDeclarationPeriod></TaxDeclarationPeriod>
                    </TaxInformation>                                        
                </Line>                
            </Transaction>
			<Transaction>
                <TransactionID>WT8112422A</TransactionID>
                <Period>1</Period>
                <PeriodYear>2021</PeriodYear>
                <TransactionDate>18.01.2021</TransactionDate>
                <SourceID>Криворучко Степан Володимирович</SourceID>
                <TransactionType>1П</TransactionType>
                <Description>Отримано товари від постачальника</Description>
                <BatchID></BatchID>
                <SystemEntryDate>18.01.2021</SystemEntryDate>
                <GLPostingDate>18.01.2021</GLPostingDate>
                <SystemID></SystemID>
                <Line>
                    <RecordID>1</RecordID>
                    <AccountID>2811</AccountID>
                    <CustomerID>15974123</CustomerID><!--
                    <SupplierID>string</SupplierID>--><!--
                    <OwnerID>string</OwnerID>-->
                    <Name>Денис Кривоножко</Name>
                    <CorrespondingAccountID>2811</CorrespondingAccountID>
					<CustomerID1>12345678</CustomerID1><!--
                    <SupplierID>string</SupplierID>--><!--
                    <OwnerID>string</OwnerID>-->
                    <Name1>Ілля Петров</Name1>
                    <Analysis>
                        <AnalysisType>115</AnalysisType>
                        <AnalysisID>15</AnalysisID>
                        <AnalysisAmount>
                            <Amount>23000.00</Amount><!--
                            <CurrencyCode>str</CurrencyCode>
                            <CurrencyAmount>0000000000000001.23</CurrencyAmount>
                            <!&#x2D;-Element ExchangeRate is optional&#x2D;->
                            <ExchangeRate>0000000001.23000000</ExchangeRate>-->
                        </AnalysisAmount>
                    </Analysis>
                    <Analysis>
                        <AnalysisType>115</AnalysisType>
                        <AnalysisID>15</AnalysisID>
                        <AnalysisAmount>
                            <Amount>15000.00</Amount><!--
                            <CurrencyCode>str</CurrencyCode>
                            <CurrencyAmount>0000000000000001.23</CurrencyAmount>
                            <!&#x2D;-Element ExchangeRate is optional&#x2D;->
                            <ExchangeRate>0000000001.23000000</ExchangeRate>-->
                        </AnalysisAmount>
                    </Analysis>
                    <Analysis>
                        <AnalysisType>115</AnalysisType>
                        <AnalysisID>15</AnalysisID>
                        <AnalysisAmount>
                            <Amount>5000.00</Amount><!--
                            <CurrencyCode>str</CurrencyCode>
                            <CurrencyAmount>0000000000000001.23</CurrencyAmount>
                            <!&#x2D;-Element ExchangeRate is optional&#x2D;->
                            <ExchangeRate>0000000001.23000000</ExchangeRate>-->
                        </AnalysisAmount>
                    </Analysis>
                    <ValueDate>18.01.2021</ValueDate>
                    <SourceDocumentID>987654321</SourceDocumentID>                    
                    <Description></Description>
                    <DebitAmount>
						<Amount>45.00</Amount>
                        <CurrencyCode>EUR</CurrencyCode>
                        <CurrencyAmount>560.00</CurrencyAmount>
                        <ExchangeRate>25</ExchangeRate>
                    </DebitAmount><!--
                    <CreditAmount>
                        <Amount>0000000000000001.23</Amount><!&#x2D;-
                        <CurrencyCode>str</CurrencyCode>
                        <CurrencyAmount>0000000000000001.23</CurrencyAmount>
                        <!&#x2D;-Element ExchangeRate is optional&#x2D;->
                        <ExchangeRate>0000000001.23000000</ExchangeRate>&#x2D;->
                    </CreditAmount>-->
                    <TaxInformation>
                        <TaxType>ПДВ</TaxType>
                        <TaxCode>20</TaxCode>
                        <TaxPercentage>20</TaxPercentage>
                        <TaxBase>4000.00</TaxBase>
                        <TaxBaseDescription></TaxBaseDescription>
                        <TaxAmount>
                            <Amount>7400.00</Amount><!--
                            <CurrencyCode>str</CurrencyCode>
                            <CurrencyAmount>0000000000000001.23</CurrencyAmount>
                            <!&#x2D;-Element ExchangeRate is optional&#x2D;->
                            <ExchangeRate>0000000001.23000000</ExchangeRate>-->
                        </TaxAmount>
                        <TaxExemptionReason></TaxExemptionReason>
                        <TaxDeclarationPeriod></TaxDeclarationPeriod>
                    </TaxInformation>                                       
                </Line>
                <Line>
                    <RecordID>2</RecordID>
                    <AccountID>281</AccountID>
                    <CustomerID>15974123</CustomerID><!--
                    <SupplierID>string</SupplierID>--><!--
                    <OwnerID>string</OwnerID>-->
                    <Name>Денис Кривоножко</Name>
                    <CorrespondingAccountID>2811</CorrespondingAccountID>
					<CustomerID1>12345678</CustomerID1><!--
                    <SupplierID>string</SupplierID>--><!--
                    <OwnerID>string</OwnerID>-->
                    <Name1>Ілля Петров</Name1>
                    <Analysis>
                        <AnalysisType>115</AnalysisType>
                        <AnalysisID>15</AnalysisID>
                        <AnalysisAmount>
                            <Amount>25600.00</Amount><!--
                            <CurrencyCode>str</CurrencyCode>
                            <CurrencyAmount>0000000000000001.23</CurrencyAmount>
                            <!&#x2D;-Element ExchangeRate is optional&#x2D;->
                            <ExchangeRate>0000000001.23000000</ExchangeRate>-->
                        </AnalysisAmount>
                    </Analysis>
                    <Analysis>
                        <AnalysisType>115</AnalysisType>
                        <AnalysisID>15</AnalysisID>
                        <AnalysisAmount>
                            <Amount>15000.00</Amount><!--
                            <CurrencyCode>str</CurrencyCode>
                            <CurrencyAmount>0000000000000001.23</CurrencyAmount>
                            <!&#x2D;-Element ExchangeRate is optional&#x2D;->
                            <ExchangeRate>0000000001.23000000</ExchangeRate>-->
                        </AnalysisAmount>
                    </Analysis>
                    <Analysis>
                        <AnalysisType>115</AnalysisType>
                        <AnalysisID>15</AnalysisID>
                        <AnalysisAmount>
							<Amount>32.00</Amount>
							<CurrencyCode>EUR</CurrencyCode>
							<CurrencyAmount>698.00</CurrencyAmount>
							<ExchangeRate>29</ExchangeRate>
                            <!--
                            <CurrencyCode>str</CurrencyCode>
                            <CurrencyAmount>0000000000000001.23</CurrencyAmount>
                            <!&#x2D;-Element ExchangeRate is optional&#x2D;->
                            <ExchangeRate>0000000001.23000000</ExchangeRate>-->
                        </AnalysisAmount>
                    </Analysis>
                    <ValueDate>18.01.2021</ValueDate>
                    <SourceDocumentID>987654321</SourceDocumentID>                    
                    <Description></Description>
                    <DebitAmount>
                        <Amount>2350.00</Amount>
                    </DebitAmount><!--
                    <CreditAmount>
                        <Amount>0000000000000001.23</Amount><!&#x2D;-
                        <CurrencyCode>str</CurrencyCode>
                        <CurrencyAmount>0000000000000001.23</CurrencyAmount>
                        <!&#x2D;-Element ExchangeRate is optional&#x2D;->
                        <ExchangeRate>0000000001.23000000</ExchangeRate>&#x2D;->
                    </CreditAmount>-->
                    <TaxInformation>
                        <TaxType>ПДВ</TaxType>
                        <TaxCode>20</TaxCode>
                        <TaxPercentage>20</TaxPercentage>
                        <TaxBase>4000.00</TaxBase>
                        <TaxBaseDescription></TaxBaseDescription>
                        <TaxAmount>
                            <Amount>65800.00</Amount><!--
                            <CurrencyCode>str</CurrencyCode>
                            <CurrencyAmount>0000000000000001.23</CurrencyAmount>
                            <!&#x2D;-Element ExchangeRate is optional&#x2D;->
                            <ExchangeRate>0000000001.23000000</ExchangeRate>-->
                        </TaxAmount>
                        <TaxExemptionReason></TaxExemptionReason>
                        <TaxDeclarationPeriod></TaxDeclarationPeriod>
                    </TaxInformation>                                        
                </Line>                
            </Transaction>			
			<Transaction>
                <TransactionID>WT8333422A</TransactionID>
                <Period>1</Period>
                <PeriodYear>2021</PeriodYear>
                <TransactionDate>18.01.2021</TransactionDate>
                <SourceID>Криворучко Степан Володимирович</SourceID>
                <TransactionType>1П</TransactionType>
                <Description>Отримано товари від постачальника</Description>
                <BatchID></BatchID>
                <SystemEntryDate>18.01.2021</SystemEntryDate>
                <GLPostingDate>18.01.2021</GLPostingDate>
                <SystemID></SystemID>
                <Line>
                    <RecordID>1</RecordID>
                    <AccountID>281</AccountID>
                    <CustomerID>15974123</CustomerID><!--
                    <SupplierID>string</SupplierID>--><!--
                    <OwnerID>string</OwnerID>-->
                    <Name>Денис Кривоножко</Name>
                    <CorrespondingAccountID>2811</CorrespondingAccountID>
					<CustomerID1>12345678</CustomerID1><!--
                    <SupplierID>string</SupplierID>--><!--
                    <OwnerID>string</OwnerID>-->
                    <Name1>Ілля Петров</Name1>
                    <Analysis>
                        <AnalysisType>115</AnalysisType>
                        <AnalysisID>15</AnalysisID>
                        <AnalysisAmount>
                            <Amount>23000.00</Amount><!--
                            <CurrencyCode>str</CurrencyCode>
                            <CurrencyAmount>0000000000000001.23</CurrencyAmount>
                            <!&#x2D;-Element ExchangeRate is optional&#x2D;->
                            <ExchangeRate>0000000001.23000000</ExchangeRate>-->
                        </AnalysisAmount>
                    </Analysis>
                    <Analysis>
                        <AnalysisType>115</AnalysisType>
                        <AnalysisID>15</AnalysisID>
                        <AnalysisAmount>
                            <Amount>15000.00</Amount><!--
                            <CurrencyCode>str</CurrencyCode>
                            <CurrencyAmount>0000000000000001.23</CurrencyAmount>
                            <!&#x2D;-Element ExchangeRate is optional&#x2D;->
                            <ExchangeRate>0000000001.23000000</ExchangeRate>-->
                        </AnalysisAmount>
                    </Analysis>
                    <Analysis>
                        <AnalysisType>115</AnalysisType>
                        <AnalysisID>15</AnalysisID>
                        <AnalysisAmount>
                            <Amount>5000.00</Amount><!--
                            <CurrencyCode>str</CurrencyCode>
                            <CurrencyAmount>0000000000000001.23</CurrencyAmount>
                            <!&#x2D;-Element ExchangeRate is optional&#x2D;->
                            <ExchangeRate>0000000001.23000000</ExchangeRate>-->
                        </AnalysisAmount>
                    </Analysis>
                    <ValueDate>18.01.2021</ValueDate>
                    <SourceDocumentID>987654321</SourceDocumentID>                    
                    <Description></Description>
                    <DebitAmount>
						<Amount>20.00</Amount>
                        <CurrencyCode>EUR</CurrencyCode>
                        <CurrencyAmount>560.00</CurrencyAmount>
                        <ExchangeRate>25</ExchangeRate>
                    </DebitAmount><!--
                    <CreditAmount>
                        <Amount>0000000000000001.23</Amount><!&#x2D;-
                        <CurrencyCode>str</CurrencyCode>
                        <CurrencyAmount>0000000000000001.23</CurrencyAmount>
                        <!&#x2D;-Element ExchangeRate is optional&#x2D;->
                        <ExchangeRate>0000000001.23000000</ExchangeRate>&#x2D;->
                    </CreditAmount>-->
                    <TaxInformation>
                        <TaxType>ПДВ</TaxType>
                        <TaxCode>20</TaxCode>
                        <TaxPercentage>20</TaxPercentage>
                        <TaxBase>4000.00</TaxBase>
                        <TaxBaseDescription></TaxBaseDescription>
                        <TaxAmount>
                            <Amount>7400.00</Amount><!--
                            <CurrencyCode>str</CurrencyCode>
                            <CurrencyAmount>0000000000000001.23</CurrencyAmount>
                            <!&#x2D;-Element ExchangeRate is optional&#x2D;->
                            <ExchangeRate>0000000001.23000000</ExchangeRate>-->
                        </TaxAmount>
                        <TaxExemptionReason></TaxExemptionReason>
                        <TaxDeclarationPeriod></TaxDeclarationPeriod>
                    </TaxInformation>                                        
                </Line>
                <Line>
                    <RecordID>2</RecordID>
                    <AccountID>281</AccountID>
                    <CustomerID>15974123</CustomerID><!--
                    <SupplierID>string</SupplierID>--><!--
                    <OwnerID>string</OwnerID>-->
                    <Name>Денис Кривоножко</Name>
                    <CorrespondingAccountID>2811</CorrespondingAccountID>
					<CustomerID1>12345678</CustomerID1><!--
                    <SupplierID>string</SupplierID>--><!--
                    <OwnerID>string</OwnerID>-->
                    <Name1>Ілля Петров</Name1>
                    <Analysis>
                        <AnalysisType>115</AnalysisType>
                        <AnalysisID>15</AnalysisID>
                        <AnalysisAmount>
                            <Amount>25600.00</Amount><!--
                            <CurrencyCode>str</CurrencyCode>
                            <CurrencyAmount>0000000000000001.23</CurrencyAmount>
                            <!&#x2D;-Element ExchangeRate is optional&#x2D;->
                            <ExchangeRate>0000000001.23000000</ExchangeRate>-->
                        </AnalysisAmount>
                    </Analysis>
                    <Analysis>
                        <AnalysisType>115</AnalysisType>
                        <AnalysisID>15</AnalysisID>
                        <AnalysisAmount>
                            <Amount>15000.00</Amount><!--
                            <CurrencyCode>str</CurrencyCode>
                            <CurrencyAmount>0000000000000001.23</CurrencyAmount>
                            <!&#x2D;-Element ExchangeRate is optional&#x2D;->
                            <ExchangeRate>0000000001.23000000</ExchangeRate>-->
                        </AnalysisAmount>
                    </Analysis>
                    <Analysis>
                        <AnalysisType>115</AnalysisType>
                        <AnalysisID>15</AnalysisID>
                        <AnalysisAmount>
							<Amount>30.00</Amount>
							<CurrencyCode>EUR</CurrencyCode>
							<CurrencyAmount>698.00</CurrencyAmount>
							<ExchangeRate>29</ExchangeRate>
                            <!--
                            <CurrencyCode>str</CurrencyCode>
                            <CurrencyAmount>0000000000000001.23</CurrencyAmount>
                            <!&#x2D;-Element ExchangeRate is optional&#x2D;->
                            <ExchangeRate>0000000001.23000000</ExchangeRate>-->
                        </AnalysisAmount>
                    </Analysis>
                    <ValueDate>18.01.2021</ValueDate>
                    <SourceDocumentID>987654321</SourceDocumentID>                    
                    <Description></Description>
                    <DebitAmount>
                        <Amount>2350.00</Amount>
                    </DebitAmount><!--
                    <CreditAmount>
                        <Amount>0000000000000001.23</Amount><!&#x2D;-
                        <CurrencyCode>str</CurrencyCode>
                        <CurrencyAmount>0000000000000001.23</CurrencyAmount>
                        <!&#x2D;-Element ExchangeRate is optional&#x2D;->
                        <ExchangeRate>0000000001.23000000</ExchangeRate>&#x2D;->
                    </CreditAmount>-->
                    <TaxInformation>
                        <TaxType>ПДВ</TaxType>
                        <TaxCode>20</TaxCode>
                        <TaxPercentage>20</TaxPercentage>
                        <TaxBase>4000.00</TaxBase>
                        <TaxBaseDescription></TaxBaseDescription>
                        <TaxAmount>
                            <Amount>65800.00</Amount><!--
                            <CurrencyCode>str</CurrencyCode>
                            <CurrencyAmount>0000000000000001.23</CurrencyAmount>
                            <!&#x2D;-Element ExchangeRate is optional&#x2D;->
                            <ExchangeRate>0000000001.23000000</ExchangeRate>-->
                        </TaxAmount>
                        <TaxExemptionReason></TaxExemptionReason>
                        <TaxDeclarationPeriod></TaxDeclarationPeriod>
                    </TaxInformation>                                        
                </Line>                
            </Transaction>
			<Transaction>
                <TransactionID>WT8387422A</TransactionID>
                <Period>1</Period>
                <PeriodYear>2021</PeriodYear>
                <TransactionDate>18.01.2021</TransactionDate>
                <SourceID>Руденко Левко Володимирович</SourceID>
                <TransactionType>1П</TransactionType>
                <Description>Отримано товари від постачальника</Description>
                <BatchID></BatchID>
                <SystemEntryDate>18.03.2021</SystemEntryDate>
                <GLPostingDate>18.03.2021</GLPostingDate>
                <SystemID></SystemID>
                <Line>
                    <RecordID>1</RecordID>
                    <AccountID>903</AccountID>
                    <CustomerID>16584123</CustomerID><!--
                    <SupplierID>string</SupplierID>--><!--
                    <OwnerID>string</OwnerID>-->
                    <Name>Олексій Амелін</Name>
                    <CorrespondingAccountID>631</CorrespondingAccountID>
					<CustomerID1>12345678</CustomerID1><!--
                    <SupplierID>string</SupplierID>--><!--
                    <OwnerID>string</OwnerID>-->
                    <Name1>Ілля Петров</Name1>
                    <Analysis>
                        <AnalysisType>115</AnalysisType>
                        <AnalysisID>15</AnalysisID>
                        <AnalysisAmount>
                            <Amount>45600.00</Amount><!--
                            <CurrencyCode>str</CurrencyCode>
                            <CurrencyAmount>0000000000000001.23</CurrencyAmount>
                            <!&#x2D;-Element ExchangeRate is optional&#x2D;->
                            <ExchangeRate>0000000001.23000000</ExchangeRate>-->
                        </AnalysisAmount>
                    </Analysis>
                    <Analysis>
                        <AnalysisType>115</AnalysisType>
                        <AnalysisID>15</AnalysisID>
                        <AnalysisAmount>
                            <Amount>58400.00</Amount><!--
                            <CurrencyCode>str</CurrencyCode>
                            <CurrencyAmount>0000000000000001.23</CurrencyAmount>
                            <!&#x2D;-Element ExchangeRate is optional&#x2D;->
                            <ExchangeRate>0000000001.23000000</ExchangeRate>-->
                        </AnalysisAmount>
                    </Analysis>
                    <Analysis>
                        <AnalysisType>115</AnalysisType>
                        <AnalysisID>15</AnalysisID>
                        <AnalysisAmount>
                            <Amount>6300.00</Amount><!--
                            <CurrencyCode>str</CurrencyCode>
                            <CurrencyAmount>0000000000000001.23</CurrencyAmount>
                            <!&#x2D;-Element ExchangeRate is optional&#x2D;->
                            <ExchangeRate>0000000001.23000000</ExchangeRate>-->
                        </AnalysisAmount>
                    </Analysis>
                    <ValueDate>18.03.2021</ValueDate>
                    <SourceDocumentID>98767474</SourceDocumentID>                    
                    <Description></Description>
                    <DebitAmount>
						<Amount>290.00</Amount>
                        <CurrencyCode>EUR</CurrencyCode>
                        <CurrencyAmount>8920.00</CurrencyAmount>
                        <ExchangeRate>31</ExchangeRate>
                    </DebitAmount><!--
                    <CreditAmount>
                        <Amount>0000000000000001.23</Amount><!&#x2D;-
                        <CurrencyCode>str</CurrencyCode>
                        <CurrencyAmount>0000000000000001.23</CurrencyAmount>
                        <!&#x2D;-Element ExchangeRate is optional&#x2D;->
                        <ExchangeRate>0000000001.23000000</ExchangeRate>&#x2D;->
                    </CreditAmount>-->
                    <TaxInformation>
                        <TaxType>ПДВ</TaxType>
                        <TaxCode>20</TaxCode>
                        <TaxPercentage>20</TaxPercentage>
                        <TaxBase>4000.00</TaxBase>
                        <TaxBaseDescription></TaxBaseDescription>
                        <TaxAmount>
                            <Amount>76900.00</Amount><!--
                            <CurrencyCode>str</CurrencyCode>
                            <CurrencyAmount>0000000000000001.23</CurrencyAmount>
                            <!&#x2D;-Element ExchangeRate is optional&#x2D;->
                            <ExchangeRate>0000000001.23000000</ExchangeRate>-->
                        </TaxAmount>
                        <TaxExemptionReason></TaxExemptionReason>
                        <TaxDeclarationPeriod></TaxDeclarationPeriod>
                    </TaxInformation>                                        
                </Line>
                <Line>
                    
                    <RecordID>2</RecordID>
                    <AccountID>903</AccountID>
                    <CustomerID>15974123</CustomerID><!--
                    <SupplierID>string</SupplierID>--><!--
                    <OwnerID>string</OwnerID>-->
                    <Name>Тетяна Осипенко</Name>
                    <CorrespondingAccountID>103</CorrespondingAccountID>
					<CustomerID1>12345678</CustomerID1><!--
                    <SupplierID>string</SupplierID>--><!--
                    <OwnerID>string</OwnerID>-->
                    <Name1>Ілля Петров</Name1>
                    <Analysis>
                        <AnalysisType>115</AnalysisType>
                        <AnalysisID>15</AnalysisID>
                        <AnalysisAmount>
                            <Amount>25600.00</Amount><!--
                            <CurrencyCode>str</CurrencyCode>
                            <CurrencyAmount>0000000000000001.23</CurrencyAmount>
                            <!&#x2D;-Element ExchangeRate is optional&#x2D;->
                            <ExchangeRate>0000000001.23000000</ExchangeRate>-->
                        </AnalysisAmount>
                    </Analysis>
                    <Analysis>
                        <AnalysisType>115</AnalysisType>
                        <AnalysisID>15</AnalysisID>
                        <AnalysisAmount>
                            <Amount>65400.00</Amount><!--
                            <CurrencyCode>str</CurrencyCode>
                            <CurrencyAmount>0000000000000001.23</CurrencyAmount>
                            <!&#x2D;-Element ExchangeRate is optional&#x2D;->
                            <ExchangeRate>0000000001.23000000</ExchangeRate>-->
                        </AnalysisAmount>
                    </Analysis>
                    <Analysis>
                        <AnalysisType>115</AnalysisType>
                        <AnalysisID>15</AnalysisID>
                        <AnalysisAmount>
							<Amount>25.00</Amount>
							<CurrencyCode>EUR</CurrencyCode>
							<CurrencyAmount>800.00</CurrencyAmount>
							<ExchangeRate>29.59</ExchangeRate>                           
                        </AnalysisAmount>
                    </Analysis>
                    <ValueDate>18.03.2021</ValueDate>
                    <SourceDocumentID>98765421</SourceDocumentID>                    
                    <Description></Description>
                    <DebitAmount>
                        <Amount>5900.00</Amount>
                    </DebitAmount>
                    <TaxInformation>
                        <TaxType>ПДВ</TaxType>
                        <TaxCode>20</TaxCode>
                        <TaxPercentage>20</TaxPercentage>
                        <TaxBase>4000.00</TaxBase>
                        <TaxBaseDescription></TaxBaseDescription>
                        <TaxAmount>
                            <Amount>9000.00</Amount><!--
                            <CurrencyCode>str</CurrencyCode>
                            <CurrencyAmount>0000000000000001.23</CurrencyAmount>
                            <!&#x2D;-Element ExchangeRate is optional&#x2D;->
                            <ExchangeRate>0000000001.23000000</ExchangeRate>-->
                        </TaxAmount>
                        <TaxExemptionReason></TaxExemptionReason>
                        <TaxDeclarationPeriod></TaxDeclarationPeriod>
                    </TaxInformation>                                        
                </Line>                
            </Transaction>                       
        </Journal>
        <Journal>
            <JournalID>111111111112</JournalID>
            <Description></Description>
            <Type></Type>
            <Transaction>
                <TransactionID>WT8387423A</TransactionID>
                <Period>2</Period>
                <PeriodYear>2021</PeriodYear>
                <TransactionDate>15.07.2021</TransactionDate>
                <SourceID>Криворучко Степан Володимирович</SourceID>
                <TransactionType>1П</TransactionType>
                <Description>Отримано товари від постачальника</Description>
                <BatchID></BatchID>
                <SystemEntryDate>15.07.2021</SystemEntryDate>
                <GLPostingDate>15.07.2021</GLPostingDate>
                <SystemID></SystemID>
                <Line>
                    <RecordID>1</RecordID>
                    <AccountID>281</AccountID>
                    <CustomerID>15974123</CustomerID><!--
                    <SupplierID>string</SupplierID>--><!--
                    <OwnerID>string</OwnerID>-->
                    <Name>Тетяна Осипенко</Name>
                    <CorrespondingAccountID>103</CorrespondingAccountID>
					<CustomerID1>44444678</CustomerID1><!--
                    <SupplierID>string</SupplierID>--><!--
                    <OwnerID>string</OwnerID>-->
                    <Name1>Михайло Гуня</Name1>
                    <Analysis>
                        <AnalysisType>115</AnalysisType>
                        <AnalysisID>15</AnalysisID>
                        <AnalysisAmount>
                            <Amount>3600.00</Amount><!--
                            <CurrencyCode>str</CurrencyCode>
                            <CurrencyAmount>0000000000000001.23</CurrencyAmount>
                            <!&#x2D;-Element ExchangeRate is optional&#x2D;->
                            <ExchangeRate>0000000001.23000000</ExchangeRate>-->
                        </AnalysisAmount>
                    </Analysis>
                    <Analysis>
                        <AnalysisType>115</AnalysisType>
                        <AnalysisID>15</AnalysisID>
                        <AnalysisAmount>
                            <Amount>56900.00</Amount><!--
                            <CurrencyCode>str</CurrencyCode>
                            <CurrencyAmount>0000000000000001.23</CurrencyAmount>
                            <!&#x2D;-Element ExchangeRate is optional&#x2D;->
                            <ExchangeRate>0000000001.23000000</ExchangeRate>-->
                        </AnalysisAmount>
                    </Analysis>
                    <Analysis>
                        <AnalysisType>115</AnalysisType>
                        <AnalysisID>15</AnalysisID>
                        <AnalysisAmount>
                            <Amount>6900.00</Amount><!--
                            <CurrencyCode>str</CurrencyCode>
                            <CurrencyAmount>0000000000000001.23</CurrencyAmount>
                            <!&#x2D;-Element ExchangeRate is optional&#x2D;->
                            <ExchangeRate>0000000001.23000000</ExchangeRate>-->
                        </AnalysisAmount>
                    </Analysis>
                    <ValueDate>15.07.2021</ValueDate>
                    <SourceDocumentID>958954321</SourceDocumentID>                    
                    <Description></Description>
                    <DebitAmount>
						<Amount>450.00</Amount>
                        <CurrencyCode>EUR</CurrencyCode>
                        <CurrencyAmount>7880.00</CurrencyAmount>
                        <ExchangeRate>24.89</ExchangeRate>
                    </DebitAmount><!--
                    <CreditAmount>
                        <Amount>0000000000000001.23</Amount><!&#x2D;-
                        <CurrencyCode>str</CurrencyCode>
                        <CurrencyAmount>0000000000000001.23</CurrencyAmount>
                        <!&#x2D;-Element ExchangeRate is optional&#x2D;->
                        <ExchangeRate>0000000001.23000000</ExchangeRate>&#x2D;->
                    </CreditAmount>-->
                    <TaxInformation>
                        <TaxType>ПДВ</TaxType>
                        <TaxCode>20</TaxCode>
                        <TaxPercentage>20</TaxPercentage>
                        <TaxBase>4000.00</TaxBase>
                        <TaxBaseDescription></TaxBaseDescription>
                        <TaxAmount>
                            <Amount>6500.00</Amount><!--
                            <CurrencyCode>str</CurrencyCode>
                            <CurrencyAmount>0000000000000001.23</CurrencyAmount>
                            <!&#x2D;-Element ExchangeRate is optional&#x2D;->
                            <ExchangeRate>0000000001.23000000</ExchangeRate>-->
                        </TaxAmount>
                        <TaxExemptionReason></TaxExemptionReason>
                        <TaxDeclarationPeriod></TaxDeclarationPeriod>
                    </TaxInformation>                                        
                </Line>
                <Line>
                    <RecordID>2</RecordID>
                    <AccountID>281</AccountID>
                    <CustomerID>16584123</CustomerID><!--
                    <SupplierID>string</SupplierID>--><!--
                    <OwnerID>string</OwnerID>-->
                    <Name>Юлія Задуха</Name>
                    <CorrespondingAccountID>903</CorrespondingAccountID>
					<CustomerID1>44444678</CustomerID1><!--
                    <SupplierID>string</SupplierID>--><!--
                    <OwnerID>string</OwnerID>-->
                    <Name1>Михайло Гуня</Name1>
                    <Analysis>
                        <AnalysisType>115</AnalysisType>
                        <AnalysisID>15</AnalysisID>
                        <AnalysisAmount>
                            <Amount>444700.00</Amount><!--
                            <CurrencyCode>str</CurrencyCode>
                            <CurrencyAmount>0000000000000001.23</CurrencyAmount>
                            <!&#x2D;-Element ExchangeRate is optional&#x2D;->
                            <ExchangeRate>0000000001.23000000</ExchangeRate>-->
                        </AnalysisAmount>
                    </Analysis>
                    <Analysis>
                        <AnalysisType>115</AnalysisType>
                        <AnalysisID>15</AnalysisID>
                        <AnalysisAmount>
                            <Amount>95400.00</Amount><!--
                            <CurrencyCode>str</CurrencyCode>
                            <CurrencyAmount>0000000000000001.23</CurrencyAmount>
                            <!&#x2D;-Element ExchangeRate is optional&#x2D;->
                            <ExchangeRate>0000000001.23000000</ExchangeRate>-->
                        </AnalysisAmount>
                    </Analysis>
                    <Analysis>
                        <AnalysisType>115</AnalysisType>
                        <AnalysisID>15</AnalysisID>
                        <AnalysisAmount>
							<Amount>400.00</Amount>
							<CurrencyCode>EUR</CurrencyCode>
							<CurrencyAmount>8702.00</CurrencyAmount>
							<ExchangeRate>28.44</ExchangeRate>
                            <!--
                            <CurrencyCode>str</CurrencyCode>
                            <CurrencyAmount>0000000000000001.23</CurrencyAmount>
                            <!&#x2D;-Element ExchangeRate is optional&#x2D;->
                            <ExchangeRate>0000000001.23000000</ExchangeRate>-->
                        </AnalysisAmount>
                    </Analysis>
                    <ValueDate>15.07.2021</ValueDate>
                    <SourceDocumentID>54854321</SourceDocumentID>                    
                    <Description></Description>
                    <DebitAmount>
                        <Amount>55550.00</Amount>
                    </DebitAmount><!--
                    <CreditAmount>
                        <Amount>0000000000000001.23</Amount><!&#x2D;-
                        <CurrencyCode>str</CurrencyCode>
                        <CurrencyAmount>0000000000000001.23</CurrencyAmount>
                        <!&#x2D;-Element ExchangeRate is optional&#x2D;->
                        <ExchangeRate>0000000001.23000000</ExchangeRate>&#x2D;->
                    </CreditAmount>-->
                    <TaxInformation>
                        <TaxType>ПДВ</TaxType>
                        <TaxCode>20</TaxCode>
                        <TaxPercentage>20</TaxPercentage>
                        <TaxBase>4000.00</TaxBase>
                        <TaxBaseDescription></TaxBaseDescription>
                        <TaxAmount>
                            <Amount>65650.00</Amount><!--
                            <CurrencyCode>str</CurrencyCode>
                            <CurrencyAmount>0000000000000001.23</CurrencyAmount>
                            <!&#x2D;-Element ExchangeRate is optional&#x2D;->
                            <ExchangeRate>0000000001.23000000</ExchangeRate>-->
                        </TaxAmount>
                        <TaxExemptionReason></TaxExemptionReason>
                        <TaxDeclarationPeriod></TaxDeclarationPeriod>
                    </TaxInformation>                                        
                </Line>                
            </Transaction>
			<Transaction>
                <TransactionID>WT8999423A</TransactionID>
                <Period>2</Period>
                <PeriodYear>2021</PeriodYear>
                <TransactionDate>19.08.2021</TransactionDate>
                <SourceID>Рудик Панас Панасович</SourceID>
                <TransactionType>1П</TransactionType>
                <Description>Отримано товари від постачальника</Description>
                <BatchID></BatchID>
                <SystemEntryDate>19.08.2021</SystemEntryDate>
                <GLPostingDate>19.08.2021</GLPostingDate>
                <SystemID></SystemID>
                <Line>
                    <RecordID>1</RecordID>
                    <AccountID>281</AccountID>
                    <CustomerID>16584123</CustomerID><!--
                    <SupplierID>string</SupplierID>--><!--
                    <OwnerID>string</OwnerID>-->
                    <Name>Юлія Задуха</Name>
                    <CorrespondingAccountID>631</CorrespondingAccountID>
					<CustomerID1>15974123</CustomerID1><!--
                    <SupplierID>string</SupplierID>--><!--
                    <OwnerID>string</OwnerID>-->
                    <Name1>Микола Григорченко</Name1>
                    <Analysis>
                        <AnalysisType>115</AnalysisType>
                        <AnalysisID>15</AnalysisID>
                        <AnalysisAmount>
                            <Amount>59900.00</Amount><!--
                            <CurrencyCode>str</CurrencyCode>
                            <CurrencyAmount>0000000000000001.23</CurrencyAmount>
                            <!&#x2D;-Element ExchangeRate is optional&#x2D;->
                            <ExchangeRate>0000000001.23000000</ExchangeRate>-->
                        </AnalysisAmount>
                    </Analysis>
                    <Analysis>
                        <AnalysisType>115</AnalysisType>
                        <AnalysisID>15</AnalysisID>
                        <AnalysisAmount>
                            <Amount>44700.00</Amount><!--
                            <CurrencyCode>str</CurrencyCode>
                            <CurrencyAmount>0000000000000001.23</CurrencyAmount>
                            <!&#x2D;-Element ExchangeRate is optional&#x2D;->
                            <ExchangeRate>0000000001.23000000</ExchangeRate>-->
                        </AnalysisAmount>
                    </Analysis>
                    <Analysis>
                        <AnalysisType>115</AnalysisType>
                        <AnalysisID>15</AnalysisID>
                        <AnalysisAmount>
                            <Amount>9500.00</Amount><!--
                            <CurrencyCode>str</CurrencyCode>
                            <CurrencyAmount>0000000000000001.23</CurrencyAmount>
                            <!&#x2D;-Element ExchangeRate is optional&#x2D;->
                            <ExchangeRate>0000000001.23000000</ExchangeRate>-->
                        </AnalysisAmount>
                    </Analysis>
                    <ValueDate>19.08.2021</ValueDate>
                    <SourceDocumentID>92351474</SourceDocumentID>                    
                    <Description></Description>
                    <DebitAmount>
						<Amount>30.00</Amount>
                        <CurrencyCode>EUR</CurrencyCode>
                        <CurrencyAmount>3330.00</CurrencyAmount>
                        <ExchangeRate>31.56</ExchangeRate>
                    </DebitAmount><!--
                    <CreditAmount>
                        <Amount>0000000000000001.23</Amount><!&#x2D;-
                        <CurrencyCode>str</CurrencyCode>
                        <CurrencyAmount>0000000000000001.23</CurrencyAmount>
                        <!&#x2D;-Element ExchangeRate is optional&#x2D;->
                        <ExchangeRate>0000000001.23000000</ExchangeRate>&#x2D;->
                    </CreditAmount>-->
                    <TaxInformation>
                        <TaxType>ПДВ</TaxType>
                        <TaxCode>20</TaxCode>
                        <TaxPercentage>20</TaxPercentage>
                        <TaxBase>4000.00</TaxBase>
                        <TaxBaseDescription></TaxBaseDescription>
                        <TaxAmount>
                            <Amount>33300.00</Amount><!--
                            <CurrencyCode>str</CurrencyCode>
                            <CurrencyAmount>0000000000000001.23</CurrencyAmount>
                            <!&#x2D;-Element ExchangeRate is optional&#x2D;->
                            <ExchangeRate>0000000001.23000000</ExchangeRate>-->
                        </TaxAmount>
                        <TaxExemptionReason></TaxExemptionReason>
                        <TaxDeclarationPeriod></TaxDeclarationPeriod>
                    </TaxInformation>                                        
                </Line>
                <Line>
                    <RecordID>2</RecordID>
                    <AccountID>281</AccountID>
                    <CustomerID>16584123</CustomerID><!--
                    <SupplierID>string</SupplierID>--><!--
                    <OwnerID>string</OwnerID>-->
                    <Name>Юлія Задуха</Name>
                    <CorrespondingAccountID>903</CorrespondingAccountID>
					<CustomerID1>15974123</CustomerID1><!--
                    <SupplierID>string</SupplierID>--><!--
                    <OwnerID>string</OwnerID>-->
                    <Name1>Віктор Любченко</Name1>
                    <Analysis>
                        <AnalysisType>115</AnalysisType>
                        <AnalysisID>15</AnalysisID>
                        <AnalysisAmount>
                            <Amount>27770.00</Amount><!--
                            <CurrencyCode>str</CurrencyCode>
                            <CurrencyAmount>0000000000000001.23</CurrencyAmount>
                            <!&#x2D;-Element ExchangeRate is optional&#x2D;->
                            <ExchangeRate>0000000001.23000000</ExchangeRate>-->
                        </AnalysisAmount>
                    </Analysis>
                    <Analysis>
                        <AnalysisType>115</AnalysisType>
                        <AnalysisID>15</AnalysisID>
                        <AnalysisAmount>
                            <Amount>63330.00</Amount><!--
                            <CurrencyCode>str</CurrencyCode>
                            <CurrencyAmount>0000000000000001.23</CurrencyAmount>
                            <!&#x2D;-Element ExchangeRate is optional&#x2D;->
                            <ExchangeRate>0000000001.23000000</ExchangeRate>-->
                        </AnalysisAmount>
                    </Analysis>
                    <Analysis>
                        <AnalysisType>115</AnalysisType>
                        <AnalysisID>15</AnalysisID>
                        <AnalysisAmount>
							<Amount>26.00</Amount>
							<CurrencyCode>EUR</CurrencyCode>
							<CurrencyAmount>800.00</CurrencyAmount>
							<ExchangeRate>29.47</ExchangeRate>
                            <!--
                            <CurrencyCode>str</CurrencyCode>
                            <CurrencyAmount>0000000000000001.23</CurrencyAmount>
                            <!&#x2D;-Element ExchangeRate is optional&#x2D;->
                            <ExchangeRate>0000000001.23000000</ExchangeRate>-->
                        </AnalysisAmount>
                    </Analysis>
                    <ValueDate>19.08.2021</ValueDate>
                    <SourceDocumentID>967596421</SourceDocumentID>                    
                    <Description></Description>
                    <DebitAmount>
                        <Amount>85700.00</Amount>
                    </DebitAmount><!--
                    <CreditAmount>
                        <Amount>0000000000000001.23</Amount><!&#x2D;-
                        <CurrencyCode>str</CurrencyCode>
                        <CurrencyAmount>0000000000000001.23</CurrencyAmount>
                        <!&#x2D;-Element ExchangeRate is optional&#x2D;->
                        <ExchangeRate>0000000001.23000000</ExchangeRate>&#x2D;->
                    </CreditAmount>-->
                    <TaxInformation>
                        <TaxType>ПДВ</TaxType>
                        <TaxCode>20</TaxCode>
                        <TaxPercentage>20</TaxPercentage>
                        <TaxBase>4000.00</TaxBase>
                        <TaxBaseDescription></TaxBaseDescription>
                        <TaxAmount>
                            <Amount>8700.00</Amount><!--
                            <CurrencyCode>str</CurrencyCode>
                            <CurrencyAmount>0000000000000001.23</CurrencyAmount>
                            <!&#x2D;-Element ExchangeRate is optional&#x2D;->
                            <ExchangeRate>0000000001.23000000</ExchangeRate>-->
                        </TaxAmount>
                        <TaxExemptionReason></TaxExemptionReason>
                        <TaxDeclarationPeriod></TaxDeclarationPeriod>
                    </TaxInformation>                                        
                </Line>                
            </Transaction>                       
        </Journal>        		
	</GeneralLedgerEntries>
</AuditFile>