<?xml version="1.0"?>
<AuditFile xmlns:xsi="http://www.w3.org/2001/XMLSchema-instance" xsi:noNamespaceSchemaLocation="SAF-T_UA_V2.0.xsd">
    <Header>
        <AuditFileVersion>2.00</AuditFileVersion>
        <AuditFileCountry>UA</AuditFileCountry>
        <AuditFileRegion>UA80</AuditFileRegion>
        <AuditFileDateCreated>31.12.2023</AuditFileDateCreated>
        <SoftwareCompanyName>ТОВ "М.Е.Док"</SoftwareCompanyName>
        <SoftwareID>M.E.Doc</SoftwareID>
        <SoftwareVersion>11.02.070</SoftwareVersion>
        <Company>
            <RegistrationNumber>12345678</RegistrationNumber>
            <Name>ТОВ "Компанія"</Name>
            <Address>
                <StreetName>вул. Новоконстантинівська</StreetName>
                <Number>9</Number>
                <AdditionalAddressDetail>56</AdditionalAddressDetail>
                <Building>3</Building>
                <City>м.Київ</City>
                <PostalCode>01014</PostalCode>
                <Region>UA80</Region>
                <Country>UA</Country>
                <AddressType>BillingAddress</AddressType>
            </Address>
            <Address>
                <StreetName>вул. Святошинська</StreetName>
                <Number>31</Number>
                <AdditionalAddressDetail>48</AdditionalAddressDetail>
                <Building>35</Building>
                <City>м.Ірпінь</City>
                <PostalCode>03065</PostalCode>
                <Region>UA80</Region>
                <Country>UA</Country>
                <AddressType>ShipFromAddress</AddressType>
            </Address>           
            <Contact>
                <ContactPerson>
                    <Title>головний бухгалтер</Title>
                    <FirstName>Андрій</FirstName>
                    <Initials>А.М.</Initials>
                    <LastName>Коломийко</LastName>
                    <BirthName>Миколайович</BirthName>
                    <OtherTitles>Наказ щодо звільнення з посади № 23 від 23.05.2014</OtherTitles>                    
                </ContactPerson>
                <Telephone>0442547382</Telephone>
				<Fax>1234567890</Fax>
                <Email>kam@domene.offline</Email>
				<Website>https://www.corefiling.com/opensource/schemaValidate/</Website>
            </Contact>
            <Contact>
                <ContactPerson>
                    <Title>менеджер</Title>
                    <FirstName>Іван</FirstName>                    
                    <Initials>І.І.</Initials>
                    <LastName>Іванов</LastName>
                    <BirthName>Іванович</BirthName>
                    <OtherTitles>Наказ щодо призначення на посаду № 15 від 15.05.2020</OtherTitles>                    
                </ContactPerson>
                <Telephone>0442535589</Telephone>
                <Email>ііі@domene.offline</Email>
            </Contact>            
            <TaxRegistration>
                <TaxRegistrationNumber>10203040</TaxRegistrationNumber>
                <TaxType>ПДВ</TaxType>
                <TaxNumber>102030405060</TaxNumber>
            </TaxRegistration>
            <TaxRegistration>
                <TaxRegistrationNumber>12378945</TaxRegistrationNumber>
                <TaxType>Акциз</TaxType>
                <TaxNumber>102030405060</TaxNumber>
            </TaxRegistration>
            <TaxRegistration>
                <TaxRegistrationNumber>32574878</TaxRegistrationNumber>
                <TaxType>ЄП(ВС)</TaxType>
                <TaxNumber>102030405060</TaxNumber>
            </TaxRegistration>
            <BankAccount>
                <IBANNumber>UA213223130000026007233566001</IBANNumber>
            </BankAccount>
            <BankAccount>                
                <BankAccountNumber>26007233566001</BankAccountNumber>                
                <BankAccountName>ТОВ "Ромашка"</BankAccountName>                
                <SortCode>322313</SortCode>
            </BankAccount>            
        </Company>
        <DefaultCurrencyCode>EUR</DefaultCurrencyCode>
        <SelectionCriteria>
			<TaxReportingJurisdiction></TaxReportingJurisdiction>
            <CompanyEntity></CompanyEntity>
            <SelectionStartDate>01.01.2021</SelectionStartDate>
            <SelectionEndDate>31.12.2021</SelectionEndDate>
            <OtherCriteria>Облікова політика за 2021 рік</OtherCriteria>
            <OtherCriteria>Платежі за період</OtherCriteria>
        </SelectionCriteria>
        <HeaderComment>Інформація щодо облікової політики за 2021 рік</HeaderComment>
        <FundInfo>
            <FundType>ПІФ</FundType>
            <IJINumber>1459784</IJINumber>
             <AMCRegistrationNumber>59874123</AMCRegistrationNumber>
        </FundInfo>
        <BranchInfo>
            <BranchNumber>002</BranchNumber>
            <BranchName>Філія №2</BranchName>
        </BranchInfo> 
		<TaxAccountingBasis>касовий метод 1</TaxAccountingBasis>
        <TaxEntity>Підрозділ 1</TaxEntity>
        <TaxEntity>Підрозділ 2</TaxEntity>
        <TaxEntity>Підрозділ 3</TaxEntity>	
        <NumberOfParts>5</NumberOfParts>
        <PartNumber>5</PartNumber>
    </Header>
    <SourceDocuments>
        <MovementOfGoods>            
            <NumberOfMovementLines>3</NumberOfMovementLines>            
            <TotalQuantityReceived>900.00</TotalQuantityReceived>            
            <TotalQuantityIssued>100.000000</TotalQuantityIssued>            
            <StockMovement>
                <MovementReference>12345</MovementReference>
                <MovementDate>28.01.2021</MovementDate>                
                <MovementPostingDate>28.01.2021</MovementPostingDate>                
                <MovementPostingTime>13:20:00-05:00</MovementPostingTime>
                <TaxPointDate>28.01.2021</TaxPointDate>
                <MovementType>300</MovementType>
                <SourceID>Ручка Надія Степанівна</SourceID>                
                <SystemID>12345</SystemID>
                <DocumentReference>                    
                    <DocumentType>Вид.накл.</DocumentType>
                    <DocumentNumber>123456789</DocumentNumber>                    
                    <DocumentLine>3</DocumentLine>
                </DocumentReference>                
                <Line>
                    <LineNumber>2</LineNumber>
                    <AccountID>903</AccountID>
                    <CorrespondingAccountID>282</CorrespondingAccountID>
                    <GrossTotal>8888.88</GrossTotal>
                    <Analysis>
                        <AnalysisType>115</AnalysisType>
                        <AnalysisID>15</AnalysisID>                        
                        <AnalysisAmount>
                            <Amount>555.55</Amount><!--
                            <CurrencyCode>str</CurrencyCode>
                            <CurrencyAmount>0000000000000001.23</CurrencyAmount>
                            <!&#x2D;-Element ExchangeRate is optional&#x2D;->
                            <ExchangeRate>0000000001.23000000</ExchangeRate>-->
                        </AnalysisAmount>
                    </Analysis>                                        
                    <TransactionID>WT8333422A</TransactionID>
                    <CustomerID>12345678</CustomerID><!--
                    <SupplierID>string</SupplierID>
                    <OwnerID>string</OwnerID>-->
                    <Name>Сивашко Петро Петрович</Name>
                    <ShipTo>                       
                        <DeliveryID>789456</DeliveryID>
                        <DeliveryDate>01.10.2021</DeliveryDate>
                        <WarehouseID>78954</WarehouseID>
                        <LocationID>78</LocationID>                        
                        <UCR></UCR>
                        <Address>
                            <StreetName>вул. Квітнева</StreetName>
                            <Number>22</Number>                            
                            <AdditionalAddressDetail>3</AdditionalAddressDetail>                            
                            <Building>2</Building>
                            <City>м. Київ</City>
                            <PostalCode>02455</PostalCode>
                            <Region>UA80</Region>
                            <Country>UA</Country>                            
                            <AddressType>ShipFromAddress</AddressType>
                        </Address>
                    </ShipTo>
                    <ShipFrom>                        
                        <DeliveryID>444444</DeliveryID>
                        <DeliveryDate>01.09.2021</DeliveryDate>
                        <WarehouseID>4444</WarehouseID>
                        <LocationID>44</LocationID>                        
                        <UCR></UCR>
                        <Address>
                            <StreetName>вул. Васильківська</StreetName>
                            <Number>166</Number>                            
                            <AdditionalAddressDetail></AdditionalAddressDetail>                            
                            <Building></Building>
                            <City>м. Київ</City>
                            <PostalCode>02147</PostalCode>
                            <Region>UA80</Region>
                            <Country>UA</Country>                            
                            <AddressType>ShipFromAddress</AddressType>
                        </Address>
                    </ShipFrom>
                    <ProductCode>1</ProductCode>
                    <Description>Вершки згущені з цукром 15% жиру 290 г</Description>
                    <StockAccountNo>87461A</StockAccountNo>
                    <Quantity>100.000000</Quantity>
                    <UnitOfMeasure>2008</UnitOfMeasure>
					<UOMToUOMPhysicalStockConversionFactor>1.23</UOMToUOMPhysicalStockConversionFactor>
                    <UnitPrice xsi:nil="true"/>
                    <BookValue xsi:nil="true"></BookValue>
                    <MovementSubType>301</MovementSubType>                    
                    <MovementComments></MovementComments>
                    <TaxInformation>
                        <TaxType>ПДВ</TaxType>
                        <TaxCode>20</TaxCode>
                        <TaxPercentage>20</TaxPercentage>                        
                        <TaxBase>4000.00</TaxBase>                        
                        <TaxBaseDescription></TaxBaseDescription>
                        <TaxAmount>
                            <Amount>200.00</Amount><!--
                            <CurrencyCode>str</CurrencyCode>
                            <CurrencyAmount>0000000000000001.23</CurrencyAmount>
                            <!&#x2D;-Element ExchangeRate is optional&#x2D;->
                            <ExchangeRate>0000000001.23000000</ExchangeRate>-->
                        </TaxAmount>                        
                        <TaxExemptionReason></TaxExemptionReason>                        
                        <TaxDeclarationPeriod></TaxDeclarationPeriod>
                    </TaxInformation>                    
                </Line>
                <Line>
                    <LineNumber>3</LineNumber>
                    <AccountID>903</AccountID>
                    <CorrespondingAccountID>2811</CorrespondingAccountID>
                    <GrossTotal>8888.88</GrossTotal>
                    <Analysis>
                        <AnalysisType>115</AnalysisType>
                        <AnalysisID>15</AnalysisID>                        
                        <AnalysisAmount>
                            <Amount>555.55</Amount><!--
                            <CurrencyCode>str</CurrencyCode>
                            <CurrencyAmount>0000000000000001.23</CurrencyAmount>
                            <!&#x2D;-Element ExchangeRate is optional&#x2D;->
                            <ExchangeRate>0000000001.23000000</ExchangeRate>-->
                        </AnalysisAmount>
                    </Analysis>                                        
                    <TransactionID>WT8333422A</TransactionID>
                    <CustomerID>12345678</CustomerID><!--
                    <SupplierID>string</SupplierID>
                    <OwnerID>string</OwnerID>-->
                    <Name>Сивашко Петро Петрович</Name>
                    <ShipTo>                        
                        <DeliveryID>789456</DeliveryID>
                        <DeliveryDate>01.10.2021</DeliveryDate>
                        <WarehouseID>78954</WarehouseID>
                        <LocationID>78</LocationID>                        
                        <UCR></UCR>
                        <Address>
                            <StreetName>вул. Квітнева</StreetName>
                            <Number>22</Number>                            
                            <AdditionalAddressDetail>3</AdditionalAddressDetail>                            
                            <Building>2</Building>
                            <City>м. Київ</City>
                            <PostalCode>02455</PostalCode>
                            <Region>UA80</Region>
                            <Country>UA</Country>                            
                            <AddressType>ShipFromAddress</AddressType>
                        </Address>
                    </ShipTo>
                    <ShipFrom>                        
                        <DeliveryID>444444</DeliveryID>
                        <DeliveryDate>01.09.2021</DeliveryDate>
                        <WarehouseID>4444</WarehouseID>
                        <LocationID>44</LocationID>                        
                        <UCR></UCR>
                        <Address>
                            <StreetName>вул. Васильківська</StreetName>
                            <Number>166</Number>                            
                            <AdditionalAddressDetail></AdditionalAddressDetail>                            
                            <Building></Building>
                            <City>м. Київ</City>
                            <PostalCode>02147</PostalCode>
                            <Region>UA80</Region>
                            <Country>UA</Country>                            
                            <AddressType>ShipFromAddress</AddressType>
                        </Address>
                    </ShipFrom>
                    <ProductCode>1</ProductCode>
                    <Description>Вершки згущені з цукром 15% жиру 290 г</Description>
                    <StockAccountNo>87461A</StockAccountNo>
                    <Quantity>100.000000</Quantity>
                    <UnitOfMeasure>2008</UnitOfMeasure>
					<UOMToUOMPhysicalStockConversionFactor>1.23</UOMToUOMPhysicalStockConversionFactor>
                    <UnitPrice>40.777777</UnitPrice>
                    <BookValue>4000.00</BookValue>
                    <MovementSubType>301</MovementSubType>                    
                    <MovementComments></MovementComments>
                    <TaxInformation>
                        <TaxType>ПДВ</TaxType>
                        <TaxCode>20</TaxCode>
                        <TaxPercentage>20</TaxPercentage>                        
                        <TaxBase>4000.00</TaxBase>                        
                        <TaxBaseDescription></TaxBaseDescription>
                        <TaxAmount>
                            <Amount>200.00</Amount><!--
                            <CurrencyCode>str</CurrencyCode>
                            <CurrencyAmount>0000000000000001.23</CurrencyAmount>
                            <!&#x2D;-Element ExchangeRate is optional&#x2D;->
                            <ExchangeRate>0000000001.23000000</ExchangeRate>-->
                        </TaxAmount>                        
                        <TaxExemptionReason></TaxExemptionReason>                        
                        <TaxDeclarationPeriod></TaxDeclarationPeriod>
                    </TaxInformation>                    
                </Line>
                <Line>
                    <LineNumber>1</LineNumber>
                    <AccountID>1234</AccountID>
                    <CorrespondingAccountID>281</CorrespondingAccountID>
                    <GrossTotal>8888.88</GrossTotal>
                    <Analysis>
                        <AnalysisType>115</AnalysisType>
                        <AnalysisID>15</AnalysisID>                        
                        <AnalysisAmount>
                            <Amount>555.55</Amount><!--
                            <CurrencyCode>str</CurrencyCode>
                            <CurrencyAmount>0000000000000001.23</CurrencyAmount>
                            <!&#x2D;-Element ExchangeRate is optional&#x2D;->
                            <ExchangeRate>0000000001.23000000</ExchangeRate>-->
                        </AnalysisAmount>
                    </Analysis>                                        
                    <TransactionID>WT8333422A</TransactionID>
                    <CustomerID>12345678</CustomerID><!--
                    <SupplierID>string</SupplierID>
                    <OwnerID>string</OwnerID>-->
                    <Name>Сивашко Петро Петрович</Name>
                    <ShipTo>                        
                        <DeliveryID>789456</DeliveryID>
                        <DeliveryDate>01.10.2021</DeliveryDate>
                        <WarehouseID>78954</WarehouseID>
                        <LocationID>78</LocationID>                        
                        <UCR></UCR>
                        <Address>
                            <StreetName>вул. Квітнева</StreetName>
                            <Number>22</Number>                            
                            <AdditionalAddressDetail>3</AdditionalAddressDetail>                            
                            <Building>2</Building>
                            <City>м. Київ</City>
                            <PostalCode>02455</PostalCode>
                            <Region>UA80</Region>
                            <Country>UA</Country>                            
                            <AddressType>ShipFromAddress</AddressType>
                        </Address>
                    </ShipTo>
                    <ShipFrom>                        
                        <DeliveryID>444444</DeliveryID>
                        <DeliveryDate>01.09.2021</DeliveryDate>
                        <WarehouseID>4444</WarehouseID>
                        <LocationID>44</LocationID>                        
                        <UCR></UCR>
                        <Address>
                            <StreetName>вул. Васильківська</StreetName>
                            <Number>166</Number>                            
                            <AdditionalAddressDetail></AdditionalAddressDetail>                            
                            <Building></Building>
                            <City>м. Київ</City>
                            <PostalCode>02147</PostalCode>
                            <Region>UA80</Region>
                            <Country>UA</Country>                            
                            <AddressType>ShipFromAddress</AddressType>
                        </Address>
                    </ShipFrom>
                    <ProductCode>1</ProductCode>
                    <Description>Вершки згущені з цукром 15% жиру 290 г</Description>
                    <StockAccountNo>87461A</StockAccountNo>
                    <Quantity>100.000000</Quantity>
                    <UnitOfMeasure>2008</UnitOfMeasure>
					<UOMToUOMPhysicalStockConversionFactor>1.23</UOMToUOMPhysicalStockConversionFactor>
                    <UnitPrice>40.592648</UnitPrice>
                    <BookValue>4000.00</BookValue>
                    <MovementSubType>301</MovementSubType>                    
                    <MovementComments></MovementComments>
                    <TaxInformation>
                        <TaxType>ПДВ</TaxType>
                        <TaxCode>20</TaxCode>
                        <TaxPercentage>20</TaxPercentage>                        
                        <TaxBase>4000.00</TaxBase>                        
                        <TaxBaseDescription></TaxBaseDescription>
                        <TaxAmount>
                            <Amount>200.00</Amount><!--
                            <CurrencyCode>str</CurrencyCode>
                            <CurrencyAmount>0000000000000001.23</CurrencyAmount>
                            <!&#x2D;-Element ExchangeRate is optional&#x2D;->
                            <ExchangeRate>0000000001.23000000</ExchangeRate>-->
                        </TaxAmount>                        
                        <TaxExemptionReason></TaxExemptionReason>                        
                        <TaxDeclarationPeriod></TaxDeclarationPeriod>
                    </TaxInformation>                    
                </Line>
            </StockMovement>
            <StockMovement>
                <MovementReference>54321</MovementReference>
                <MovementDate>28.01.2021</MovementDate>                
                <MovementPostingDate>28.01.2021</MovementPostingDate>                
                <MovementPostingTime>13:20:00-05:00</MovementPostingTime>
                <TaxPointDate>28.01.2021</TaxPointDate>
                <MovementType>300</MovementType>
                <SourceID>Ручка Надія Степанівна</SourceID>                
                <SystemID>12345</SystemID>
                <DocumentReference>                    
                    <DocumentType>Вид.накл.</DocumentType>
                    <DocumentNumber>123456789</DocumentNumber>                    
                    <DocumentLine>3</DocumentLine>
                </DocumentReference>                
                <Line>
                    <LineNumber>2</LineNumber>
                    <AccountID>903</AccountID>
                    <CorrespondingAccountID>282</CorrespondingAccountID>
                    <GrossTotal>8888.88</GrossTotal>
                    <Analysis>
                        <AnalysisType>115</AnalysisType>
                        <AnalysisID>15</AnalysisID>                        
                        <AnalysisAmount>
                            <Amount>555.55</Amount><!--
                            <CurrencyCode>str</CurrencyCode>
                            <CurrencyAmount>0000000000000001.23</CurrencyAmount>
                            <!&#x2D;-Element ExchangeRate is optional&#x2D;->
                            <ExchangeRate>0000000001.23000000</ExchangeRate>-->
                        </AnalysisAmount>
                    </Analysis>                                        
                    <TransactionID>WT8333422A</TransactionID>
                    <CustomerID>12345678</CustomerID><!--
                    <SupplierID>string</SupplierID>
                    <OwnerID>string</OwnerID>-->
                    <Name>Сивашко Петро Петрович</Name>
                    <ShipTo>                        
                        <DeliveryID>789456</DeliveryID>
                        <DeliveryDate>01.10.2021</DeliveryDate>
                        <WarehouseID>78954</WarehouseID>
                        <LocationID>78</LocationID>                        
                        <UCR></UCR>
                        <Address>
                            <StreetName>вул. Квітнева</StreetName>
                            <Number>22</Number>                            
                            <AdditionalAddressDetail>3</AdditionalAddressDetail>                            
                            <Building>2</Building>
                            <City>м. Київ</City>
                            <PostalCode>02455</PostalCode>
                            <Region>UA80</Region>
                            <Country>UA</Country>                            
                            <AddressType>ShipFromAddress</AddressType>
                        </Address>
                    </ShipTo>
                    <ShipFrom>                        
                        <DeliveryID>444444</DeliveryID>
                        <DeliveryDate>01.09.2021</DeliveryDate>
                        <WarehouseID>4444</WarehouseID>
                        <LocationID>44</LocationID>                        
                        <UCR></UCR>
                        <Address>
                            <StreetName>вул. Васильківська</StreetName>
                            <Number>166</Number>                            
                            <AdditionalAddressDetail></AdditionalAddressDetail>                            
                            <Building></Building>
                            <City>м. Київ</City>
                            <PostalCode>02147</PostalCode>
                            <Region>UA80</Region>
                            <Country>UA</Country>                           
                            <AddressType>ShipFromAddress</AddressType>
                        </Address>
                    </ShipFrom>
                    <ProductCode>1</ProductCode>
                    <Description>Вершки згущені з цукром 15% жиру 290 г</Description>
                    <StockAccountNo>87461A</StockAccountNo>
                    <Quantity>100.000000</Quantity>
                    <UnitOfMeasure>2008</UnitOfMeasure>
					<UOMToUOMPhysicalStockConversionFactor>1.23</UOMToUOMPhysicalStockConversionFactor>
                    <UnitPrice>40.741852</UnitPrice>
                    <BookValue>4000.00</BookValue>
                    <MovementSubType>301</MovementSubType>                    
                    <MovementComments></MovementComments>
                    <TaxInformation>
                        <TaxType>ПДВ</TaxType>
                        <TaxCode>20</TaxCode>
                        <TaxPercentage>20</TaxPercentage>                        
                        <TaxBase>4000.00</TaxBase>                        
                        <TaxBaseDescription></TaxBaseDescription>
                        <TaxAmount>
                            <Amount>200.00</Amount><!--
                            <CurrencyCode>str</CurrencyCode>
                            <CurrencyAmount>0000000000000001.23</CurrencyAmount>
                            <!&#x2D;-Element ExchangeRate is optional&#x2D;->
                            <ExchangeRate>0000000001.23000000</ExchangeRate>-->
                        </TaxAmount>                        
                        <TaxExemptionReason></TaxExemptionReason>                        
                        <TaxDeclarationPeriod></TaxDeclarationPeriod>
                    </TaxInformation>                    
                </Line>
                <Line>
                    <LineNumber>3</LineNumber>
                    <AccountID>903</AccountID>
                    <CorrespondingAccountID>103</CorrespondingAccountID>
                    <GrossTotal>8888.88</GrossTotal>
                    <Analysis>
                        <AnalysisType>115</AnalysisType>
                        <AnalysisID>15</AnalysisID>                        
                        <AnalysisAmount>
                            <Amount>555.55</Amount><!--
                            <CurrencyCode>str</CurrencyCode>
                            <CurrencyAmount>0000000000000001.23</CurrencyAmount>
                            <!&#x2D;-Element ExchangeRate is optional&#x2D;->
                            <ExchangeRate>0000000001.23000000</ExchangeRate>-->
                        </AnalysisAmount>
                    </Analysis>                                        
                    <TransactionID>WT8333422A</TransactionID>
                    <CustomerID>12345678</CustomerID><!--
                    <SupplierID>string</SupplierID>
                    <OwnerID>string</OwnerID>-->
                    <Name>Сивашко Петро Петрович</Name>
                    <ShipTo>                        
                        <DeliveryID>789456</DeliveryID>
                        <DeliveryDate>01.10.2021</DeliveryDate>
                        <WarehouseID>78954</WarehouseID>
                        <LocationID>78</LocationID>                        
                        <UCR></UCR>
                        <Address>
                            <StreetName>вул. Квітнева</StreetName>
                            <Number>22</Number>                            
                            <AdditionalAddressDetail>3</AdditionalAddressDetail>                            
                            <Building>2</Building>
                            <City>м. Київ</City>
                            <PostalCode>02455</PostalCode>
                            <Region>UA80</Region>
                            <Country>UA</Country>                            
                            <AddressType>ShipFromAddress</AddressType>
                        </Address>
                    </ShipTo>
                    <ShipFrom>                        
                        <DeliveryID>444444</DeliveryID>
                        <DeliveryDate>01.09.2021</DeliveryDate>
                        <WarehouseID>4444</WarehouseID>
                        <LocationID>44</LocationID>                        
                        <UCR></UCR>
                        <Address>
                            <StreetName>вул. Васильківська</StreetName>
                            <Number>166</Number>                            
                            <AdditionalAddressDetail></AdditionalAddressDetail>                            
                            <Building></Building>
                            <City>м. Київ</City>
                            <PostalCode>02147</PostalCode>
                            <Region>UA80</Region>
                            <Country>UA</Country>                            
                            <AddressType>ShipFromAddress</AddressType>
                        </Address>
                    </ShipFrom>
                    <ProductCode>1</ProductCode>
                    <Description>Вершки згущені з цукром 15% жиру 290 г</Description>
                    <StockAccountNo>87461A</StockAccountNo>
                    <Quantity>100.000000</Quantity>
                    <UnitOfMeasure>2008</UnitOfMeasure>
					<UOMToUOMPhysicalStockConversionFactor>1.23</UOMToUOMPhysicalStockConversionFactor>
                    <UnitPrice>40.778899</UnitPrice>
                    <BookValue>4000.00</BookValue>
                    <MovementSubType>301</MovementSubType>                    
                    <MovementComments></MovementComments>
                    <TaxInformation>
                        <TaxType>ПДВ</TaxType>
                        <TaxCode>20</TaxCode>
                        <TaxPercentage>20</TaxPercentage>                        
                        <TaxBase>4000.00</TaxBase>                        
                        <TaxBaseDescription></TaxBaseDescription>
                        <TaxAmount>
                            <Amount>200.00</Amount><!--
                            <CurrencyCode>str</CurrencyCode>
                            <CurrencyAmount>0000000000000001.23</CurrencyAmount>
                            <!&#x2D;-Element ExchangeRate is optional&#x2D;->
                            <ExchangeRate>0000000001.23000000</ExchangeRate>-->
                        </TaxAmount>                        
                        <TaxExemptionReason></TaxExemptionReason>                        
                        <TaxDeclarationPeriod></TaxDeclarationPeriod>
                    </TaxInformation>                    
                </Line>
                <Line>
                    <LineNumber>1</LineNumber>
                    <AccountID>903</AccountID>
                    <CorrespondingAccountID>281</CorrespondingAccountID>
                    <GrossTotal>8888.88</GrossTotal>
                    <Analysis>
                        <AnalysisType>115</AnalysisType>
                        <AnalysisID>15</AnalysisID>                        
                        <AnalysisAmount>
                            <Amount>555.55</Amount><!--
                            <CurrencyCode>str</CurrencyCode>
                            <CurrencyAmount>0000000000000001.23</CurrencyAmount>
                            <!&#x2D;-Element ExchangeRate is optional&#x2D;->
                            <ExchangeRate>0000000001.23000000</ExchangeRate>-->
                        </AnalysisAmount>
                    </Analysis>                                        
                    <TransactionID>WT8333422A</TransactionID>
                    <CustomerID>12345678</CustomerID><!--
                    <SupplierID>string</SupplierID>
                    <OwnerID>string</OwnerID>-->
                    <Name>Сивашко Петро Петрович</Name>
                    <ShipTo>                        
                        <DeliveryID>789456</DeliveryID>
                        <DeliveryDate>01.10.2021</DeliveryDate>
                        <WarehouseID>78954</WarehouseID>
                        <LocationID>78</LocationID>                       
                        <UCR></UCR>
                        <Address>
                            <StreetName>вул. Квітнева</StreetName>
                            <Number>22</Number>                            
                            <AdditionalAddressDetail>3</AdditionalAddressDetail>                            
                            <Building>2</Building>
                            <City>м. Київ</City>
                            <PostalCode>02455</PostalCode>
                            <Region>UA80</Region>
                            <Country>UA</Country>                            
                            <AddressType>ShipFromAddress</AddressType>
                        </Address>
                    </ShipTo>
                    <ShipFrom>                        
                        <DeliveryID>444444</DeliveryID>
                        <DeliveryDate>01.09.2021</DeliveryDate>
                        <WarehouseID>4444</WarehouseID>
                        <LocationID>44</LocationID>                        
                        <UCR></UCR>
                        <Address>
                            <StreetName>вул. Васильківська</StreetName>
                            <Number>166</Number>                            
                            <AdditionalAddressDetail></AdditionalAddressDetail>                            
                            <Building></Building>
                            <City>м. Київ</City>
                            <PostalCode>02147</PostalCode>
                            <Region>UA80</Region>
                            <Country>UA</Country>                            
                            <AddressType>ShipFromAddress</AddressType>
                        </Address>
                    </ShipFrom>
                    <ProductCode>1</ProductCode>
                    <Description>Вершки згущені з цукром 15% жиру 290 г</Description>
                    <StockAccountNo>87461A</StockAccountNo>
                    <Quantity>100.000000</Quantity>
                    <UnitOfMeasure>2008</UnitOfMeasure>
					<UOMToUOMPhysicalStockConversionFactor>1.23</UOMToUOMPhysicalStockConversionFactor>
                    <UnitPrice>97.652341</UnitPrice>
                    <BookValue>4000.00</BookValue>
                    <MovementSubType>301</MovementSubType>                    
                    <MovementComments></MovementComments>
                    <TaxInformation>
                        <TaxType>ПДВ</TaxType>
                        <TaxCode>20</TaxCode>
                        <TaxPercentage>20</TaxPercentage>                        
                        <TaxBase>4000.00</TaxBase>                        
                        <TaxBaseDescription></TaxBaseDescription>
                        <TaxAmount>
                            <Amount>200.00</Amount><!--
                            <CurrencyCode>str</CurrencyCode>
                            <CurrencyAmount>0000000000000001.23</CurrencyAmount>
                            <!&#x2D;-Element ExchangeRate is optional&#x2D;->
                            <ExchangeRate>0000000001.23000000</ExchangeRate>-->
                        </TaxAmount>                        
                        <TaxExemptionReason></TaxExemptionReason>                        
                        <TaxDeclarationPeriod></TaxDeclarationPeriod>
                    </TaxInformation>                    
                </Line>
            </StockMovement>
            <StockMovement>
                <MovementReference>124585</MovementReference>
                <MovementDate>28.01.2021</MovementDate>                
                <MovementPostingDate>28.01.2021</MovementPostingDate>                
                <MovementPostingTime>13:20:00-05:00</MovementPostingTime>
                <TaxPointDate>28.01.2021</TaxPointDate>
                <MovementType>300</MovementType>
                <SourceID>Ручка Надія Степанівна</SourceID>                
                <SystemID>12345</SystemID>
                <DocumentReference>                    
                    <DocumentType>Вид.накл.</DocumentType>
                    <DocumentNumber>123456789</DocumentNumber>                    
                    <DocumentLine>3</DocumentLine>
                </DocumentReference>                
                <Line>
                    <LineNumber>2</LineNumber>
                    <AccountID>903</AccountID>
                    <CorrespondingAccountID>282</CorrespondingAccountID>
                    <GrossTotal>8888.88</GrossTotal>
                    <Analysis>
                        <AnalysisType>115</AnalysisType>
                        <AnalysisID>15</AnalysisID>                        
                        <AnalysisAmount>
                            <Amount>555.55</Amount><!--
                            <CurrencyCode>str</CurrencyCode>
                            <CurrencyAmount>0000000000000001.23</CurrencyAmount>
                            <!&#x2D;-Element ExchangeRate is optional&#x2D;->
                            <ExchangeRate>0000000001.23000000</ExchangeRate>-->
                        </AnalysisAmount>
                    </Analysis>                                        
                    <TransactionID>WT8333422A</TransactionID>
                    <CustomerID>12345678</CustomerID><!--
                    <SupplierID>string</SupplierID>
                    <OwnerID>string</OwnerID>-->
                    <Name>Сивашко Петро Петрович</Name>
                    <ShipTo>                        
                        <DeliveryID>789456</DeliveryID>
                        <DeliveryDate>01.10.2021</DeliveryDate>
                        <WarehouseID>78954</WarehouseID>
                        <LocationID>78</LocationID>                        
                        <UCR></UCR>
                        <Address>
                            <StreetName>вул. Квітнева</StreetName>
                            <Number>22</Number>                            
                            <AdditionalAddressDetail>3</AdditionalAddressDetail>                            
                            <Building>2</Building>
                            <City>м. Київ</City>
                            <PostalCode>02455</PostalCode>
                            <Region>UA80</Region>
                            <Country>UA</Country>                            
                            <AddressType>ShipFromAddress</AddressType>
                        </Address>
                    </ShipTo>
                    <ShipFrom>                        
                        <DeliveryID>444444</DeliveryID>
                        <DeliveryDate>01.09.2021</DeliveryDate>
                        <WarehouseID>4444</WarehouseID>
                        <LocationID>44</LocationID>                        
                        <UCR></UCR>
                        <Address>
                            <StreetName>вул. Васильківська</StreetName>
                            <Number>166</Number>                            
                            <AdditionalAddressDetail></AdditionalAddressDetail>                            
                            <Building></Building>
                            <City>м. Київ</City>
                            <PostalCode>02147</PostalCode>
                            <Region>UA80</Region>
                            <Country>UA</Country>                            
                            <AddressType>ShipFromAddress</AddressType>
                        </Address>
                    </ShipFrom>
                    <ProductCode>1</ProductCode>
                    <Description>Вершки згущені з цукром 15% жиру 290 г</Description>
                    <StockAccountNo>87461A</StockAccountNo>
                    <Quantity>100.000000</Quantity>
                    <UnitOfMeasure>2008</UnitOfMeasure>
					<UOMToUOMPhysicalStockConversionFactor>1.23</UOMToUOMPhysicalStockConversionFactor>
                    <UnitPrice>99.999998</UnitPrice>
                    <BookValue>4000.00</BookValue>
                    <MovementSubType>301</MovementSubType>                    
                    <MovementComments></MovementComments>
                    <TaxInformation>
                        <TaxType>ПДВ</TaxType>
                        <TaxCode>20</TaxCode>
                        <TaxPercentage>20</TaxPercentage>                        
                        <TaxBase>4000.00</TaxBase>                        
                        <TaxBaseDescription></TaxBaseDescription>
                        <TaxAmount>
                            <Amount>200.00</Amount><!--
                            <CurrencyCode>str</CurrencyCode>
                            <CurrencyAmount>0000000000000001.23</CurrencyAmount>
                            <!&#x2D;-Element ExchangeRate is optional&#x2D;->
                            <ExchangeRate>0000000001.23000000</ExchangeRate>-->
                        </TaxAmount>                        
                        <TaxExemptionReason></TaxExemptionReason>                        
                        <TaxDeclarationPeriod></TaxDeclarationPeriod>
                    </TaxInformation>                    
                </Line>
                <Line>
                    <LineNumber>3</LineNumber>
                    <AccountID>903</AccountID>
                    <CorrespondingAccountID>702</CorrespondingAccountID>
                    <GrossTotal>8888.88</GrossTotal>
                    <Analysis>
                        <AnalysisType>115</AnalysisType>
                        <AnalysisID>15</AnalysisID>                        
                        <AnalysisAmount>
                            <Amount>555.55</Amount><!--
                            <CurrencyCode>str</CurrencyCode>
                            <CurrencyAmount>0000000000000001.23</CurrencyAmount>
                            <!&#x2D;-Element ExchangeRate is optional&#x2D;->
                            <ExchangeRate>0000000001.23000000</ExchangeRate>-->
                        </AnalysisAmount>
                    </Analysis>                                        
                    <TransactionID>WT8333422A</TransactionID>
                    <CustomerID>12345678</CustomerID><!--
                    <SupplierID>string</SupplierID>
                    <OwnerID>string</OwnerID>-->
                    <Name>Сивашко Петро Петрович</Name>
                    <ShipTo>                        
                        <DeliveryID>789456</DeliveryID>
                        <DeliveryDate>01.10.2021</DeliveryDate>
                        <WarehouseID>78954</WarehouseID>
                        <LocationID>78</LocationID>                        
                        <UCR></UCR>
                        <Address>
                            <StreetName>вул. Квітнева</StreetName>
                            <Number>22</Number>                            
                            <AdditionalAddressDetail>3</AdditionalAddressDetail>                            
                            <Building>2</Building>
                            <City>м. Київ</City>
                            <PostalCode>02455</PostalCode>
                            <Region>UA80</Region>
                            <Country>UA</Country>                            
                            <AddressType>ShipFromAddress</AddressType>
                        </Address>
                    </ShipTo>
                    <ShipFrom>                        
                        <DeliveryID>444444</DeliveryID>
                        <DeliveryDate>01.09.2021</DeliveryDate>
                        <WarehouseID>4444</WarehouseID>
                        <LocationID>44</LocationID>                        
                        <UCR></UCR>
                        <Address>
                            <StreetName>вул. Васильківська</StreetName>
                            <Number>166</Number>                            
                            <AdditionalAddressDetail></AdditionalAddressDetail>                            
                            <Building></Building>
                            <City>м. Київ</City>
                            <PostalCode>02147</PostalCode>
                            <Region>UA80</Region>
                            <Country>UA</Country>                            
                            <AddressType>ShipFromAddress</AddressType>
                        </Address>
                    </ShipFrom>
                    <ProductCode>1</ProductCode>
                    <Description>Вершки згущені з цукром 15% жиру 290 г</Description>
                    <StockAccountNo>87461A</StockAccountNo>
                    <Quantity>100.000000</Quantity>
                    <UnitOfMeasure>2008</UnitOfMeasure>
					<UOMToUOMPhysicalStockConversionFactor>1.23</UOMToUOMPhysicalStockConversionFactor>
                    <UnitPrice>89.222247</UnitPrice>
                    <BookValue>4000.00</BookValue>
                    <MovementSubType>301</MovementSubType>                    
                    <MovementComments></MovementComments>
                    <TaxInformation>
                        <TaxType>ПДВ</TaxType>
                        <TaxCode>20</TaxCode>
                        <TaxPercentage>20</TaxPercentage>                        
                        <TaxBase>4000.00</TaxBase>                        
                        <TaxBaseDescription></TaxBaseDescription>
                        <TaxAmount>
                            <Amount>200.00</Amount><!--
                            <CurrencyCode>str</CurrencyCode>
                            <CurrencyAmount>0000000000000001.23</CurrencyAmount>
                            <!&#x2D;-Element ExchangeRate is optional&#x2D;->
                            <ExchangeRate>0000000001.23000000</ExchangeRate>-->
                        </TaxAmount>                       
                        <TaxExemptionReason></TaxExemptionReason>                        
                        <TaxDeclarationPeriod></TaxDeclarationPeriod>
                    </TaxInformation>                    
                </Line>
                <Line>
                    <LineNumber>1</LineNumber>
                    <AccountID>903</AccountID>
                    <CorrespondingAccountID>281</CorrespondingAccountID>
                    <GrossTotal>8888.88</GrossTotal>
                    <Analysis>
                        <AnalysisType>115</AnalysisType>
                        <AnalysisID>15</AnalysisID>                        
                        <AnalysisAmount>
                            <Amount>555.55</Amount><!--
                            <CurrencyCode>str</CurrencyCode>
                            <CurrencyAmount>0000000000000001.23</CurrencyAmount>
                            <!&#x2D;-Element ExchangeRate is optional&#x2D;->
                            <ExchangeRate>0000000001.23000000</ExchangeRate>-->
                        </AnalysisAmount>
                    </Analysis>                                        
                    <TransactionID>WT8333422A</TransactionID>
                    <CustomerID>12345678</CustomerID><!--
                    <SupplierID>string</SupplierID>
                    <OwnerID>string</OwnerID>-->
                    <Name>Сивашко Петро Петрович</Name>
                    <ShipTo>                        
                        <DeliveryID>789456</DeliveryID>
                        <DeliveryDate>01.10.2021</DeliveryDate>
                        <WarehouseID>78954</WarehouseID>
                        <LocationID>78</LocationID>                        
                        <UCR></UCR>
                        <Address>
                            <StreetName>вул. Квітнева</StreetName>
                            <Number>22</Number>                            
                            <AdditionalAddressDetail>3</AdditionalAddressDetail>                            
                            <Building>2</Building>
                            <City>м. Київ</City>
                            <PostalCode>02455</PostalCode>
                            <Region>UA80</Region>
                            <Country>UA</Country>                            
                            <AddressType>ShipFromAddress</AddressType>
                        </Address>
                    </ShipTo>
                    <ShipFrom>                        
                        <DeliveryID>444444</DeliveryID>
                        <DeliveryDate>01.09.2021</DeliveryDate>
                        <WarehouseID>4444</WarehouseID>
                        <LocationID>44</LocationID>                        
                        <UCR></UCR>
                        <Address>
                            <StreetName>вул. Васильківська</StreetName>
                            <Number>166</Number>                           
                            <AdditionalAddressDetail></AdditionalAddressDetail>                            
                            <Building></Building>
                            <City>м. Київ</City>
                            <PostalCode>02147</PostalCode>
                            <Region>UA80</Region>
                            <Country>UA</Country>                            
                            <AddressType>ShipFromAddress</AddressType>
                        </Address>
                    </ShipFrom>
                    <ProductCode>1</ProductCode>
                    <Description>Вершки згущені з цукром 15% жиру 290 г</Description>
                    <StockAccountNo>87461A</StockAccountNo>
                    <Quantity>100.000000</Quantity>
                    <UnitOfMeasure>2008</UnitOfMeasure>
					<UOMToUOMPhysicalStockConversionFactor>1.23</UOMToUOMPhysicalStockConversionFactor>
                    <UnitPrice>40.00</UnitPrice>
                    <BookValue>4000.00</BookValue>
                    <MovementSubType>301</MovementSubType>                    
                    <MovementComments></MovementComments>
                    <TaxInformation>
                        <TaxType>ПДВ</TaxType>
                        <TaxCode>20</TaxCode>
                        <TaxPercentage>20</TaxPercentage>                        
                        <TaxBase>4000.00</TaxBase>                        
                        <TaxBaseDescription></TaxBaseDescription>
                        <TaxAmount>
                            <Amount>200.00</Amount><!--
                            <CurrencyCode>str</CurrencyCode>
                            <CurrencyAmount>0000000000000001.23</CurrencyAmount>
                            <!&#x2D;-Element ExchangeRate is optional&#x2D;->
                            <ExchangeRate>0000000001.23000000</ExchangeRate>-->
                        </TaxAmount>                        
                        <TaxExemptionReason></TaxExemptionReason>                        
                        <TaxDeclarationPeriod></TaxDeclarationPeriod>
                    </TaxInformation>                    
                </Line>
            </StockMovement>
        </MovementOfGoods>        
        <AssetTransactions>            
            <NumberOfAssetTransactions>2</NumberOfAssetTransactions>            
            <AssetTransaction>                
                <AssetTransactionID>ASSTR001</AssetTransactionID>
                <AssetID>103110001</AssetID>
                <AssetName>Складське приміщення № 1</AssetName>
                <AssetTransactionType>1С</AssetTransactionType>
                <Description>Операція 1</Description>
				<AssetTransactionDate>30.06.2021</AssetTransactionDate>
                <Supplier>
                    <SupplierName>Ігнат Василь Іванович</SupplierName>
                    <SupplierID>54795214</SupplierID>
                    <PostalAddress>
                        <StreetName>вул. Полярна</StreetName>
                        <Number>99</Number>                        
                        <AdditionalAddressDetail>7</AdditionalAddressDetail>                        
                        <Building></Building>
                        <City>м. Київ</City>
                        <PostalCode>02007</PostalCode>
                        <Region>UA80</Region>
                        <Country>UA</Country>                        
                        <AddressType>ShipFromAddress</AddressType>
                    </PostalAddress>
                </Supplier>
                <TransactionID>WT8112422A</TransactionID>
                <AssetTransactionValuations>                    
                    <AssetTransactionValuation>
                        <AssetValuationType>1</AssetValuationType>                        
                        <AcquisitionAndProductionCostsOnTransaction>550000.00</AcquisitionAndProductionCostsOnTransaction>                        
                        <BookValueOnTransaction>225550.00</BookValueOnTransaction>
                        <AssetTransactionAmount>222228.06</AssetTransactionAmount>
                    </AssetTransactionValuation>
                    <AssetTransactionValuation>
                        <AssetValuationType>1</AssetValuationType>                        
                        <AcquisitionAndProductionCostsOnTransaction>5000000.00</AcquisitionAndProductionCostsOnTransaction>                        
                        <BookValueOnTransaction>3333750.00</BookValueOnTransaction>
                        <AssetTransactionAmount>444748.06</AssetTransactionAmount>
                    </AssetTransactionValuation>
                    <AssetTransactionValuation>
                        <AssetValuationType>1</AssetValuationType>                        
                        <AcquisitionAndProductionCostsOnTransaction>5000000.00</AcquisitionAndProductionCostsOnTransaction>                       
                        <BookValueOnTransaction>3338750.00</BookValueOnTransaction>
                        <AssetTransactionAmount>99948.06</AssetTransactionAmount>
                    </AssetTransactionValuation>
                </AssetTransactionValuations>
                <DocumentNumber>HFS842d</DocumentNumber>
                <AccountID>903</AccountID>
                <Analysis>
                    <AnalysisType>115</AnalysisType>
                    <AnalysisID>15</AnalysisID>                    
                    <AnalysisAmount>
                        <Amount>4500.00</Amount><!--
                        <CurrencyCode>str</CurrencyCode>
                        <CurrencyAmount>0000000000000001.23</CurrencyAmount>
                        <!&#x2D;-Element ExchangeRate is optional&#x2D;->
                        <ExchangeRate>0000000001.23000000</ExchangeRate>-->
                    </AnalysisAmount>
                </Analysis>                              
                <CorrespondingAccountID>103</CorrespondingAccountID>
                <TaxInformation>
                    <TaxType>ПДВ</TaxType>
                    <TaxCode>20</TaxCode>
                    <TaxPercentage>20</TaxPercentage>                    
                    <TaxBase>4000.00</TaxBase>                    
                    <TaxBaseDescription></TaxBaseDescription>
                    <TaxAmount>
                        <Amount>5000.00</Amount><!--
                        <CurrencyCode>str</CurrencyCode>
                        <CurrencyAmount>0000000000000001.23</CurrencyAmount>
                        <!&#x2D;-Element ExchangeRate is optional&#x2D;->
                        <ExchangeRate>0000000001.23000000</ExchangeRate>-->
                    </TaxAmount>                   
                    <TaxExemptionReason></TaxExemptionReason>                    
                    <TaxDeclarationPeriod></TaxDeclarationPeriod>
                </TaxInformation>
                <GrossTotal xsi:nil="true"></GrossTotal>
            </AssetTransaction>
            <AssetTransaction>                
                <AssetTransactionID>ASSTR002</AssetTransactionID>
                <AssetID>103110002</AssetID>
                <AssetName>Складське приміщення № 2</AssetName>
                <AssetTransactionType>1П</AssetTransactionType>
                <AssetTransactionDate>30.06.2021</AssetTransactionDate>
                <Supplier>
                    <SupplierName>Ігнат Василь Іванович</SupplierName>
                    <SupplierID>54795214</SupplierID>
                    <PostalAddress>
                        <StreetName>вул. Полярна</StreetName>
                        <Number>99</Number>                        
                        <AdditionalAddressDetail>7</AdditionalAddressDetail>                        
                        <Building></Building>
                        <City>м. Київ</City>
                        <PostalCode>02007</PostalCode>
                        <Region>UA80</Region>
                        <Country>UA</Country>                        
                        <AddressType>ShipFromAddress</AddressType>
                    </PostalAddress>
                </Supplier>
                <TransactionID>WT8112422A</TransactionID>
                <AssetTransactionValuations>                    
                    <AssetTransactionValuation>
                        <AssetValuationType>1</AssetValuationType>                        
                        <AcquisitionAndProductionCostsOnTransaction>550000.00</AcquisitionAndProductionCostsOnTransaction>                        
                        <BookValueOnTransaction>225550.00</BookValueOnTransaction>
                        <AssetTransactionAmount>222228.06</AssetTransactionAmount>
                    </AssetTransactionValuation>
                    <AssetTransactionValuation>
                        <AssetValuationType>1</AssetValuationType>                        
                        <AcquisitionAndProductionCostsOnTransaction>5000000.00</AcquisitionAndProductionCostsOnTransaction>                        
                        <BookValueOnTransaction>3333750.00</BookValueOnTransaction>
                        <AssetTransactionAmount>444748.06</AssetTransactionAmount>
                    </AssetTransactionValuation>
                    <AssetTransactionValuation>
                        <AssetValuationType>1</AssetValuationType>                        
                        <AcquisitionAndProductionCostsOnTransaction>5000000.00</AcquisitionAndProductionCostsOnTransaction>                        
                        <BookValueOnTransaction>3338750.00</BookValueOnTransaction>
                        <AssetTransactionAmount>99948.06</AssetTransactionAmount>
                    </AssetTransactionValuation>
                </AssetTransactionValuations>
                <DocumentNumber>HFS842d</DocumentNumber>
                <AccountID>903</AccountID>
                <Analysis>
                    <AnalysisType>115</AnalysisType>
                    <AnalysisID>15</AnalysisID>                    
                    <AnalysisAmount>
                        <Amount>4500.00</Amount><!--
                        <CurrencyCode>str</CurrencyCode>
                        <CurrencyAmount>0000000000000001.23</CurrencyAmount>
                        <!&#x2D;-Element ExchangeRate is optional&#x2D;->
                        <ExchangeRate>0000000001.23000000</ExchangeRate>-->
                    </AnalysisAmount>
                </Analysis>                              
                <CorrespondingAccountID>103</CorrespondingAccountID>
                <TaxInformation>
                    <TaxType>ПДВ</TaxType>
                    <TaxCode>20</TaxCode>
                    <TaxPercentage>20</TaxPercentage>                    
                    <TaxBase>4000.00</TaxBase>                    
                    <TaxBaseDescription></TaxBaseDescription>
                    <TaxAmount>
                        <Amount>5000.00</Amount><!--
                        <CurrencyCode>str</CurrencyCode>
                        <CurrencyAmount>0000000000000001.23</CurrencyAmount>
                        <!&#x2D;-Element ExchangeRate is optional&#x2D;->
                        <ExchangeRate>0000000001.23000000</ExchangeRate>-->
                    </TaxAmount>                    
                    <TaxExemptionReason></TaxExemptionReason>                    
                    <TaxDeclarationPeriod></TaxDeclarationPeriod>
                </TaxInformation>
                <GrossTotal>968748.06</GrossTotal>
            </AssetTransaction>
        </AssetTransactions>        
        <OtherSourceDocuments>
            <NumberOfEntries>3</NumberOfEntries>
            <TotalDebit>74586.55</TotalDebit>
            <TotalCredit>1236587.00</TotalCredit>            
            <OtherSourceDocument>
                <TransactionID>WT8333422A</TransactionID>
                <TransactionType>3П</TransactionType>
                <DocumentNumber>741852963</DocumentNumber>
                <DocumentDate>01.09.2021</DocumentDate>
                <DocumentDescription>Акт наданих послуг</DocumentDescription>
                <TransactionDescription>операція з надання послуг</TransactionDescription>
                <Period>9</Period>
                <PeriodYear>2021</PeriodYear>                
                <Line>
                    <LineNumber>1</LineNumber>
                    <DebitCreditIndicator>C</DebitCreditIndicator>
                    <AccountID>963258</AccountID>
					<CustomerID>12345678</CustomerID>                 
                    <CorrespondingAccountID>2811</CorrespondingAccountID>
					<CustomerID1>15974123</CustomerID1>
                    <Analysis>
                        <AnalysisType>115</AnalysisType>
                        <AnalysisID>15</AnalysisID>                        
                        <AnalysisAmount>
                            <Amount>600.00</Amount><!--
                            <CurrencyCode>str</CurrencyCode>
                            <CurrencyAmount>0000000000000001.23</CurrencyAmount>
                            <!&#x2D;-Element ExchangeRate is optional&#x2D;->
                            <ExchangeRate>0000000001.23000000</ExchangeRate>-->
                        </AnalysisAmount>
                    </Analysis>                                        
                    <Amount>
                        <Amount>5690.22</Amount><!--
                        <CurrencyCode>str</CurrencyCode>
                        <CurrencyAmount>0000000000000001.23</CurrencyAmount>
                        <!&#x2D;-Element ExchangeRate is optional&#x2D;->
                        <ExchangeRate>0000000001.23000000</ExchangeRate>-->
                    </Amount>
                    <TaxInformation>
                        <TaxType>ПДВ</TaxType>
                        <TaxCode>20</TaxCode>
                        <TaxPercentage>20</TaxPercentage>                        
                        <TaxBase>4000.00</TaxBase>                        
                        <TaxBaseDescription></TaxBaseDescription>
                        <TaxAmount>
                            <Amount>6000.00</Amount><!--
                            <CurrencyCode>str</CurrencyCode>
                            <CurrencyAmount>0000000000000001.23</CurrencyAmount>
                            <!&#x2D;-Element ExchangeRate is optional&#x2D;->
                            <ExchangeRate>0000000001.23000000</ExchangeRate>-->
                        </TaxAmount>                        
                        <TaxExemptionReason></TaxExemptionReason>                        
                        <TaxDeclarationPeriod></TaxDeclarationPeriod>
                    </TaxInformation>
                </Line>
                <Line>
                    <LineNumber>2</LineNumber>
                    <DebitCreditIndicator>C</DebitCreditIndicator>
                    <AccountID>103</AccountID>
					<CustomerID>12345678</CustomerID>                 
                    <CorrespondingAccountID>2811</CorrespondingAccountID>
					<CustomerID1>15974123</CustomerID1>
                    <Analysis>
                        <AnalysisType>115</AnalysisType>
                        <AnalysisID>15</AnalysisID>                        
                        <AnalysisAmount>
                            <Amount>600.00</Amount><!--
                            <CurrencyCode>str</CurrencyCode>
                            <CurrencyAmount>0000000000000001.23</CurrencyAmount>
                            <!&#x2D;-Element ExchangeRate is optional&#x2D;->
                            <ExchangeRate>0000000001.23000000</ExchangeRate>-->
                        </AnalysisAmount>
                    </Analysis>                                       
                    <Amount>
                        <Amount>5690.22</Amount><!--
                        <CurrencyCode>str</CurrencyCode>
                        <CurrencyAmount>0000000000000001.23</CurrencyAmount>
                        <!&#x2D;-Element ExchangeRate is optional&#x2D;->
                        <ExchangeRate>0000000001.23000000</ExchangeRate>-->
                    </Amount>
                    <TaxInformation>
                        <TaxType>ПДВ</TaxType>
                        <TaxCode>20</TaxCode>
                        <TaxPercentage>20</TaxPercentage>                        
                        <TaxBase>4000.00</TaxBase>                        
                        <TaxBaseDescription></TaxBaseDescription>
                        <TaxAmount>
                            <Amount>6000.00</Amount><!--
                            <CurrencyCode>str</CurrencyCode>
                            <CurrencyAmount>0000000000000001.23</CurrencyAmount>
                            <!&#x2D;-Element ExchangeRate is optional&#x2D;->
                            <ExchangeRate>0000000001.23000000</ExchangeRate>-->
                        </TaxAmount>                        
                        <TaxExemptionReason></TaxExemptionReason>                        
                        <TaxDeclarationPeriod></TaxDeclarationPeriod>
                    </TaxInformation>
                </Line>
                <Line>
                    <LineNumber>3</LineNumber>
                    <DebitCreditIndicator>C</DebitCreditIndicator>
                    <AccountID>702</AccountID>
					<CustomerID>12345678</CustomerID>                 
                    <CorrespondingAccountID>2811</CorrespondingAccountID>
					<CustomerID1>15974123</CustomerID1>
                    <Analysis>
                        <AnalysisType>115</AnalysisType>
                        <AnalysisID>15</AnalysisID>                        
                        <AnalysisAmount>
                            <Amount>600.00</Amount><!--
                            <CurrencyCode>str</CurrencyCode>
                            <CurrencyAmount>0000000000000001.23</CurrencyAmount>
                            <!&#x2D;-Element ExchangeRate is optional&#x2D;->
                            <ExchangeRate>0000000001.23000000</ExchangeRate>-->
                        </AnalysisAmount>
                    </Analysis>                                        
                    <Amount>
                        <Amount>5690.22</Amount><!--
                        <CurrencyCode>str</CurrencyCode>
                        <CurrencyAmount>0000000000000001.23</CurrencyAmount>
                        <!&#x2D;-Element ExchangeRate is optional&#x2D;->
                        <ExchangeRate>0000000001.23000000</ExchangeRate>-->
                    </Amount>
                    <TaxInformation>
                        <TaxType>ПДВ</TaxType>
                        <TaxCode>20</TaxCode>
                        <TaxPercentage>20</TaxPercentage>                        
                        <TaxBase>4000.00</TaxBase>                        
                        <TaxBaseDescription></TaxBaseDescription>
                        <TaxAmount>
                            <Amount>6000.00</Amount><!--
                            <CurrencyCode>str</CurrencyCode>
                            <CurrencyAmount>0000000000000001.23</CurrencyAmount>
                            <!&#x2D;-Element ExchangeRate is optional&#x2D;->
                            <ExchangeRate>0000000001.23000000</ExchangeRate>-->
                        </TaxAmount>                        
                        <TaxExemptionReason></TaxExemptionReason>                        
                        <TaxDeclarationPeriod></TaxDeclarationPeriod>
                    </TaxInformation>
                </Line>
                <GrossTotal>
                    <Amount>80000.00</Amount><!--
                    <CurrencyCode>str</CurrencyCode>
                    <CurrencyAmount>0000000000000001.23</CurrencyAmount>
                    <!&#x2D;-Element ExchangeRate is optional&#x2D;->
                    <ExchangeRate>0000000001.23000000</ExchangeRate>-->
                </GrossTotal>
            </OtherSourceDocument>
            <OtherSourceDocument>
                <TransactionID>WT8333422A</TransactionID>
                <TransactionType>1С</TransactionType>
                <DocumentNumber>741852965</DocumentNumber>
                <DocumentDate>01.09.2021</DocumentDate>
                <DocumentDescription>Акт наданих послуг</DocumentDescription>
                <TransactionDescription>операція з надання послуг</TransactionDescription>
                <Period>9</Period>
                <PeriodYear>2021</PeriodYear>                
                <Line>
                    <LineNumber>1</LineNumber>
                    <DebitCreditIndicator>C</DebitCreditIndicator>
                    <AccountID>963258</AccountID>
					<CustomerID>12345678</CustomerID>                 
                    <CorrespondingAccountID>2811</CorrespondingAccountID>
					<CustomerID1>15974123</CustomerID1>
                    <Analysis>
                        <AnalysisType>115</AnalysisType>
                        <AnalysisID>15</AnalysisID>                        
                        <AnalysisAmount>
                            <Amount>600.00</Amount><!--
                            <CurrencyCode>str</CurrencyCode>
                            <CurrencyAmount>0000000000000001.23</CurrencyAmount>
                            <!&#x2D;-Element ExchangeRate is optional&#x2D;->
                            <ExchangeRate>0000000001.23000000</ExchangeRate>-->
                        </AnalysisAmount>
                    </Analysis>                                        
                    <Amount>
                        <Amount>5690.22</Amount><!--
                        <CurrencyCode>str</CurrencyCode>
                        <CurrencyAmount>0000000000000001.23</CurrencyAmount>
                        <!&#x2D;-Element ExchangeRate is optional&#x2D;->
                        <ExchangeRate>0000000001.23000000</ExchangeRate>-->
                    </Amount>
                    <TaxInformation>
                        <TaxType>ПДВ</TaxType>
                        <TaxCode>20</TaxCode>
                        <TaxPercentage>20</TaxPercentage>                        
                        <TaxBase>4000.00</TaxBase>                        
                        <TaxBaseDescription></TaxBaseDescription>
                        <TaxAmount>
                            <Amount>6000.00</Amount><!--
                            <CurrencyCode>str</CurrencyCode>
                            <CurrencyAmount>0000000000000001.23</CurrencyAmount>
                            <!&#x2D;-Element ExchangeRate is optional&#x2D;->
                            <ExchangeRate>0000000001.23000000</ExchangeRate>-->
                        </TaxAmount>                        
                        <TaxExemptionReason></TaxExemptionReason>                        
                        <TaxDeclarationPeriod></TaxDeclarationPeriod>
                    </TaxInformation>
                </Line>
                <Line>
                    <LineNumber>2</LineNumber>
                    <DebitCreditIndicator>C</DebitCreditIndicator>
                    <AccountID>702</AccountID>
					<CustomerID>12345678</CustomerID>                 
                    <CorrespondingAccountID>2811</CorrespondingAccountID>
					<CustomerID1>15974123</CustomerID1>
                    <Analysis>
                        <AnalysisType>115</AnalysisType>
                        <AnalysisID>15</AnalysisID>                        
                        <AnalysisAmount>
                            <Amount>600.00</Amount><!--
                            <CurrencyCode>str</CurrencyCode>
                            <CurrencyAmount>0000000000000001.23</CurrencyAmount>
                            <!&#x2D;-Element ExchangeRate is optional&#x2D;->
                            <ExchangeRate>0000000001.23000000</ExchangeRate>-->
                        </AnalysisAmount>
                    </Analysis>                                        
                    <Amount>
                        <Amount>5690.22</Amount><!--
                        <CurrencyCode>str</CurrencyCode>
                        <CurrencyAmount>0000000000000001.23</CurrencyAmount>
                        <!&#x2D;-Element ExchangeRate is optional&#x2D;->
                        <ExchangeRate>0000000001.23000000</ExchangeRate>-->
                    </Amount>
                    <TaxInformation>
                        <TaxType>ПДВ</TaxType>
                        <TaxCode>20</TaxCode>
                        <TaxPercentage>20</TaxPercentage>                        
                        <TaxBase>4000.00</TaxBase>                        
                        <TaxBaseDescription></TaxBaseDescription>
                        <TaxAmount>
                            <Amount>6000.00</Amount><!--
                            <CurrencyCode>str</CurrencyCode>
                            <CurrencyAmount>0000000000000001.23</CurrencyAmount>
                            <!&#x2D;-Element ExchangeRate is optional&#x2D;->
                            <ExchangeRate>0000000001.23000000</ExchangeRate>-->
                        </TaxAmount>                        
                        <TaxExemptionReason></TaxExemptionReason>                        
                        <TaxDeclarationPeriod></TaxDeclarationPeriod>
                    </TaxInformation>
                </Line>
                <Line>
                    <LineNumber>3</LineNumber>
                    <DebitCreditIndicator>C</DebitCreditIndicator>
                    <AccountID>702</AccountID>
					<CustomerID>12345678</CustomerID>                 
                    <CorrespondingAccountID>2811</CorrespondingAccountID>
					<CustomerID1>15974123</CustomerID1>
                    <Analysis>
                        <AnalysisType>115</AnalysisType>
                        <AnalysisID>15</AnalysisID>                        
                        <AnalysisAmount>
                            <Amount>600.00</Amount><!--
                            <CurrencyCode>str</CurrencyCode>
                            <CurrencyAmount>0000000000000001.23</CurrencyAmount>
                            <!&#x2D;-Element ExchangeRate is optional&#x2D;->
                            <ExchangeRate>0000000001.23000000</ExchangeRate>-->
                        </AnalysisAmount>
                    </Analysis>                                        
                    <Amount>
                        <Amount>5690.22</Amount><!--
                        <CurrencyCode>str</CurrencyCode>
                        <CurrencyAmount>0000000000000001.23</CurrencyAmount>
                        <!&#x2D;-Element ExchangeRate is optional&#x2D;->
                        <ExchangeRate>0000000001.23000000</ExchangeRate>-->
                    </Amount>
                    <TaxInformation>
                        <TaxType>ПДВ</TaxType>
                        <TaxCode>20</TaxCode>
                        <TaxPercentage>20</TaxPercentage>                        
                        <TaxBase>4000.00</TaxBase>                        
                        <TaxBaseDescription></TaxBaseDescription>
                        <TaxAmount>
                            <Amount>6000.00</Amount><!--
                            <CurrencyCode>str</CurrencyCode>
                            <CurrencyAmount>0000000000000001.23</CurrencyAmount>
                            <!&#x2D;-Element ExchangeRate is optional&#x2D;->
                            <ExchangeRate>0000000001.23000000</ExchangeRate>-->
                        </TaxAmount>                        
                        <TaxExemptionReason></TaxExemptionReason>                        
                        <TaxDeclarationPeriod></TaxDeclarationPeriod>
                    </TaxInformation>
                </Line>
                <GrossTotal>
                    <Amount>80000.00</Amount><!--
                    <CurrencyCode>str</CurrencyCode>
                    <CurrencyAmount>0000000000000001.23</CurrencyAmount>
                    <!&#x2D;-Element ExchangeRate is optional&#x2D;->
                    <ExchangeRate>0000000001.23000000</ExchangeRate>-->
                </GrossTotal>
            </OtherSourceDocument>
            <OtherSourceDocument>
                <TransactionID>WT8333422A</TransactionID>
                <TransactionType>1С</TransactionType>
                <DocumentNumber>741852963</DocumentNumber>
                <DocumentDate>01.09.2021</DocumentDate>
                <DocumentDescription>Акт наданих послуг</DocumentDescription>
                <TransactionDescription>операція з надання послуг</TransactionDescription>
                <Period>9</Period>
                <PeriodYear>2021</PeriodYear>                
                <Line>
                    <LineNumber>1</LineNumber>
                    <DebitCreditIndicator>C</DebitCreditIndicator>
                    <AccountID>963258</AccountID>
					<CustomerID>12345678</CustomerID>                 
                    <CorrespondingAccountID>2811</CorrespondingAccountID>
					<CustomerID1>15974123</CustomerID1>
                    <Analysis>
                        <AnalysisType>115</AnalysisType>
                        <AnalysisID>15</AnalysisID>                        
                        <AnalysisAmount>
                            <Amount>600.00</Amount><!--
                            <CurrencyCode>str</CurrencyCode>
                            <CurrencyAmount>0000000000000001.23</CurrencyAmount>
                            <!&#x2D;-Element ExchangeRate is optional&#x2D;->
                            <ExchangeRate>0000000001.23000000</ExchangeRate>-->
                        </AnalysisAmount>
                    </Analysis>                                        
                    <Amount>
                        <Amount>5690.22</Amount><!--
                        <CurrencyCode>str</CurrencyCode>
                        <CurrencyAmount>0000000000000001.23</CurrencyAmount>
                        <!&#x2D;-Element ExchangeRate is optional&#x2D;->
                        <ExchangeRate>0000000001.23000000</ExchangeRate>-->
                    </Amount>
                    <TaxInformation>
                        <TaxType>ПДВ</TaxType>
                        <TaxCode>20</TaxCode>
                        <TaxPercentage>20</TaxPercentage>                        
                        <TaxBase>4000.00</TaxBase>                        
                        <TaxBaseDescription></TaxBaseDescription>
                        <TaxAmount>
                            <Amount>6000.00</Amount><!--
                            <CurrencyCode>str</CurrencyCode>
                            <CurrencyAmount>0000000000000001.23</CurrencyAmount>
                            <!&#x2D;-Element ExchangeRate is optional&#x2D;->
                            <ExchangeRate>0000000001.23000000</ExchangeRate>-->
                        </TaxAmount>                        
                        <TaxExemptionReason></TaxExemptionReason>                        
                        <TaxDeclarationPeriod></TaxDeclarationPeriod>
                    </TaxInformation>
                </Line>
                <Line>
                    <LineNumber>2</LineNumber>
                    <DebitCreditIndicator>C</DebitCreditIndicator>
                    <AccountID>103</AccountID>
					<CustomerID>12345678</CustomerID>                 
                    <CorrespondingAccountID>2811</CorrespondingAccountID>
					<CustomerID1>15974123</CustomerID1>
                    <Analysis>
                        <AnalysisType>115</AnalysisType>
                        <AnalysisID>15</AnalysisID>                       
                        <AnalysisAmount>
                            <Amount>600.00</Amount><!--
                            <CurrencyCode>str</CurrencyCode>
                            <CurrencyAmount>0000000000000001.23</CurrencyAmount>
                            <!&#x2D;-Element ExchangeRate is optional&#x2D;->
                            <ExchangeRate>0000000001.23000000</ExchangeRate>-->
                        </AnalysisAmount>
                    </Analysis>                                        
                    <Amount>
                        <Amount>5690.22</Amount><!--
                        <CurrencyCode>str</CurrencyCode>
                        <CurrencyAmount>0000000000000001.23</CurrencyAmount>
                        <!&#x2D;-Element ExchangeRate is optional&#x2D;->
                        <ExchangeRate>0000000001.23000000</ExchangeRate>-->
                    </Amount>
                    <TaxInformation>
                        <TaxType>ПДВ</TaxType>
                        <TaxCode>20</TaxCode>
                        <TaxPercentage>20</TaxPercentage>                        
                        <TaxBase>4000.00</TaxBase>                        
                        <TaxBaseDescription></TaxBaseDescription>
                        <TaxAmount>
                            <Amount>6000.00</Amount><!--
                            <CurrencyCode>str</CurrencyCode>
                            <CurrencyAmount>0000000000000001.23</CurrencyAmount>
                            <!&#x2D;-Element ExchangeRate is optional&#x2D;->
                            <ExchangeRate>0000000001.23000000</ExchangeRate>-->
                        </TaxAmount>                        
                        <TaxExemptionReason></TaxExemptionReason>                        
                        <TaxDeclarationPeriod></TaxDeclarationPeriod>
                    </TaxInformation>
                </Line>
                <Line>
                    <LineNumber>3</LineNumber>
                    <DebitCreditIndicator>C</DebitCreditIndicator>
                    <AccountID>103</AccountID>
					<CustomerID>12345678</CustomerID>                 
                    <CorrespondingAccountID>2811</CorrespondingAccountID>
					<CustomerID1>15974123</CustomerID1>
                    <Analysis>
                        <AnalysisType>115</AnalysisType>
                        <AnalysisID>15</AnalysisID>                        
                        <AnalysisAmount>
                            <Amount>600.00</Amount><!--
                            <CurrencyCode>str</CurrencyCode>
                            <CurrencyAmount>0000000000000001.23</CurrencyAmount>
                            <!&#x2D;-Element ExchangeRate is optional&#x2D;->
                            <ExchangeRate>0000000001.23000000</ExchangeRate>-->
                        </AnalysisAmount>
                    </Analysis>                                        
                    <Amount>
                        <Amount>5690.22</Amount><!--
                        <CurrencyCode>str</CurrencyCode>
                        <CurrencyAmount>0000000000000001.23</CurrencyAmount>
                        <!&#x2D;-Element ExchangeRate is optional&#x2D;->
                        <ExchangeRate>0000000001.23000000</ExchangeRate>-->
                    </Amount>
                    <TaxInformation>
                        <TaxType>ПДВ</TaxType>
                        <TaxCode>20</TaxCode>
                        <TaxPercentage>20</TaxPercentage>                        
                        <TaxBase>4000.00</TaxBase>                        
                        <TaxBaseDescription></TaxBaseDescription>
                        <TaxAmount>
                            <Amount>6000.00</Amount><!--
                            <CurrencyCode>str</CurrencyCode>
                            <CurrencyAmount>0000000000000001.23</CurrencyAmount>
                            <!&#x2D;-Element ExchangeRate is optional&#x2D;->
                            <ExchangeRate>0000000001.23000000</ExchangeRate>-->
                        </TaxAmount>                        
                        <TaxExemptionReason></TaxExemptionReason>                        
                        <TaxDeclarationPeriod></TaxDeclarationPeriod>
                    </TaxInformation>
                </Line>
                <GrossTotal>
                    <Amount>80000.00</Amount><!--
                    <CurrencyCode>str</CurrencyCode>
                    <CurrencyAmount>0000000000000001.23</CurrencyAmount>
                    <!&#x2D;-Element ExchangeRate is optional&#x2D;->
                    <ExchangeRate>0000000001.23000000</ExchangeRate>-->
                </GrossTotal>
            </OtherSourceDocument>
        </OtherSourceDocuments>
    </SourceDocuments>
</AuditFile>